filename , BumpPresent
0.jpg , 1 
 1.jpg , 1 
 2.jpg , 1 
 3.jpg , 1 
 4.jpg , 1 
 5.jpg , 1 
 6.jpg , 1 
 7.jpg , 1 
 8.jpg , 1 
 9.jpg , 1 
 10.jpg , 1 
 11.jpg , 1 
 12.jpg , 1 
 13.jpg , 1 
 14.jpg , 1 
 15.jpg , 1 
 16.jpg , 1 
 17.jpg , 1 
 18.jpg , 1 
 19.jpg , 1 
 20.jpg , 1 
 21.jpg , 1 
 22.jpg , 1 
 23.jpg , 1 
 24.jpg , 1 
 25.jpg , 1 
 26.jpg , 1 
 27.jpg , 1 
 28.jpg , 1 
 29.jpg , 1 
 30.jpg , 1 
 31.jpg , 1 
 32.jpg , 1 
 33.jpg , 1 
 34.jpg , 1 
 35.jpg , 1 
 36.jpg , 1 
 37.jpg , 1 
 38.jpg , 1 
 39.jpg , 1 
 40.jpg , 1 
 41.jpg , 1 
 42.jpg , 1 
 43.jpg , 1 
 44.jpg , 1 
 45.jpg , 1 
 46.jpg , 1 
 47.jpg , 1 
 48.jpg , 1 
 49.jpg , 1 
 50.jpg , 1 
 51.jpg , 1 
 52.jpg , 1 
 53.jpg , 1 
 54.jpg , 1 
 55.jpg , 1 
 56.jpg , 1 
 57.jpg , 1 
 58.jpg , 1 
 59.jpg , 1 
 60.jpg , 1 
 61.jpg , 1 
 62.jpg , 1 
 63.jpg , 1 
 64.jpg , 1 
 65.jpg , 1 
 66.jpg , 1 
 67.jpg , 1 
 68.jpg , 1 
 69.jpg , 1 
 70.jpg , 1 
 71.jpg , 1 
 72.jpg , 1 
 73.jpg , 1 
 74.jpg , 1 
 75.jpg , 1 
 76.jpg , 1 
 77.jpg , 1 
 78.jpg , 1 
 79.jpg , 1 
 80.jpg , 1 
 81.jpg , 1 
 82.jpg , 1 
 83.jpg , 1 
 84.jpg , 1 
 85.jpg , 1 
 86.jpg , 1 
 87.jpg , 1 
 88.jpg , 1 
 89.jpg , 1 
 90.jpg , 1 
 91.jpg , 1 
 92.jpg , 1 
 93.jpg , 1 
 94.jpg , 1 
 95.jpg , 1 
 96.jpg , 1 
 97.jpg , 1 
 98.jpg , 1 
 99.jpg , 1 
 100.jpg , 1 
 101.jpg , 1 
 102.jpg , 1 
 103.jpg , 1 
 104.jpg , 1 
 105.jpg , 1 
 106.jpg , 1 
 107.jpg , 1 
 108.jpg , 1 
 109.jpg , 1 
 110.jpg , 1 
 111.jpg , 1 
 112.jpg , 1 
 113.jpg , 1 
 114.jpg , 1 
 115.jpg , 1 
 116.jpg , 1 
 117.jpg , 1 
 118.jpg , 1 
 119.jpg , 1 
 120.jpg , 1 
 121.jpg , 1 
 122.jpg , 1 
 123.jpg , 1 
 124.jpg , 1 
 125.jpg , 1 
 126.jpg , 1 
 127.jpg , 1 
 128.jpg , 1 
 129.jpg , 1 
 130.jpg , 1 
 131.jpg , 1 
 132.jpg , 1 
 133.jpg , 1 
 134.jpg , 1 
 135.jpg , 1 
 136.jpg , 1 
 137.jpg , 1 
 138.jpg , 1 
 139.jpg , 1 
 140.jpg , 1 
 141.jpg , 1 
 142.jpg , 1 
 143.jpg , 1 
 144.jpg , 1 
 145.jpg , 1 
 146.jpg , 1 
 147.jpg , 1 
 148.jpg , 1 
 149.jpg , 1 
 150.jpg , 1 
 151.jpg , 1 
 152.jpg , 1 
 153.jpg , 1 
 154.jpg , 1 
 155.jpg , 1 
 156.jpg , 1 
 157.jpg , 1 
 158.jpg , 1 
 159.jpg , 1 
 160.jpg , 1 
 161.jpg , 1 
 162.jpg , 1 
 163.jpg , 1 
 164.jpg , 1 
 165.jpg , 1 
 166.jpg , 1 
 167.jpg , 1 
 168.jpg , 1 
 169.jpg , 1 
 170.jpg , 1 
 171.jpg , 1 
 172.jpg , 1 
 173.jpg , 1 
 174.jpg , 1 
 175.jpg , 1 
 176.jpg , 1 
 177.jpg , 1 
 178.jpg , 1 
 179.jpg , 1 
 180.jpg , 1 
 181.jpg , 1 
 182.jpg , 1 
 183.jpg , 1 
 184.jpg , 1 
 185.jpg , 1 
 186.jpg , 1 
 187.jpg , 1 
 188.jpg , 1 
 189.jpg , 1 
 190.jpg , 1 
 191.jpg , 1 
 192.jpg , 1 
 193.jpg , 1 
 194.jpg , 1 
 195.jpg , 1 
 196.jpg , 1 
 197.jpg , 1 
 198.jpg , 1 
 199.jpg , 1 
 200.jpg , 1 
 201.jpg , 1 
 202.jpg , 1 
 203.jpg , 1 
 204.jpg , 1 
 205.jpg , 1 
 206.jpg , 1 
 207.jpg , 1 
 208.jpg , 1 
 209.jpg , 1 
 210.jpg , 1 
 211.jpg , 1 
 212.jpg , 1 
 213.jpg , 1 
 214.jpg , 1 
 215.jpg , 1 
 216.jpg , 1 
 217.jpg , 1 
 218.jpg , 1 
 219.jpg , 1 
 220.jpg , 1 
 221.jpg , 1 
 222.jpg , 1 
 223.jpg , 1 
 224.jpg , 1 
 225.jpg , 1 
 226.jpg , 1 
 227.jpg , 1 
 228.jpg , 1 
 229.jpg , 1 
 230.jpg , 1 
 231.jpg , 1 
 232.jpg , 1 
 233.jpg , 1 
 234.jpg , 1 
 235.jpg , 1 
 236.jpg , 1 
 237.jpg , 1 
 238.jpg , 1 
 239.jpg , 1 
 240.jpg , 1 
 241.jpg , 1 
 242.jpg , 1 
 243.jpg , 1 
 244.jpg , 1 
 245.jpg , 1 
 246.jpg , 1 
 247.jpg , 1 
 248.jpg , 1 
 249.jpg , 1 
 250.jpg , 1 
 251.jpg , 1 
 252.jpg , 1 
 253.jpg , 1 
 254.jpg , 1 
 255.jpg , 1 
 256.jpg , 1 
 257.jpg , 1 
 258.jpg , 1 
 259.jpg , 1 
 260.jpg , 1 
 261.jpg , 1 
 262.jpg , 1 
 263.jpg , 1 
 264.jpg , 1 
 265.jpg , 1 
 266.jpg , 1 
 267.jpg , 1 
 268.jpg , 1 
 269.jpg , 1 
 270.jpg , 1 
 271.jpg , 1 
 272.jpg , 1 
 273.jpg , 1 
 274.jpg , 1 
 275.jpg , 1 
 276.jpg , 1 
 277.jpg , 1 
 278.jpg , 1 
 279.jpg , 1 
 280.jpg , 1 
 281.jpg , 1 
 282.jpg , 1 
 283.jpg , 1 
 284.jpg , 1 
 285.jpg , 1 
 286.jpg , 1 
 287.jpg , 1 
 288.jpg , 1 
 289.jpg , 1 
 290.jpg , 1 
 291.jpg , 1 
 292.jpg , 1 
 293.jpg , 1 
 294.jpg , 1 
 295.jpg , 1 
 296.jpg , 1 
 297.jpg , 1 
 298.jpg , 1 
 299.jpg , 1 
 300.jpg , 1 
 301.jpg , 1 
 302.jpg , 1 
 303.jpg , 1 
 304.jpg , 1 
 305.jpg , 1 
 306.jpg , 1 
 307.jpg , 1 
 308.jpg , 1 
 309.jpg , 1 
 310.jpg , 1 
 311.jpg , 1 
 312.jpg , 1 
 313.jpg , 1 
 314.jpg , 1 
 315.jpg , 1 
 316.jpg , 1 
 317.jpg , 1 
 318.jpg , 1 
 319.jpg , 1 
 320.jpg , 1 
 321.jpg , 1 
 322.jpg , 1 
 323.jpg , 1 
 324.jpg , 1 
 325.jpg , 1 
 326.jpg , 1 
 327.jpg , 1 
 328.jpg , 1 
 329.jpg , 1 
 330.jpg , 1 
 331.jpg , 1 
 332.jpg , 1 
 333.jpg , 1 
 334.jpg , 1 
 335.jpg , 1 
 336.jpg , 1 
 337.jpg , 1 
 338.jpg , 1 
 339.jpg , 1 
 340.jpg , 1 
 341.jpg , 1 
 342.jpg , 1 
 343.jpg , 1 
 344.jpg , 1 
 345.jpg , 1 
 346.jpg , 1 
 347.jpg , 1 
 348.jpg , 1 
 349.jpg , 1 
 350.jpg , 1 
 351.jpg , 1 
 352.jpg , 1 
 353.jpg , 1 
 354.jpg , 1 
 355.jpg , 1 
 356.jpg , 1 
 357.jpg , 1 
 358.jpg , 1 
 359.jpg , 1 
 360.jpg , 1 
 361.jpg , 1 
 362.jpg , 1 
 363.jpg , 1 
 364.jpg , 1 
 365.jpg , 1 
 366.jpg , 1 
 367.jpg , 1 
 368.jpg , 1 
 369.jpg , 1 
 370.jpg , 1 
 371.jpg , 1 
 372.jpg , 1 
 373.jpg , 1 
 374.jpg , 1 
 375.jpg , 1 
 376.jpg , 1 
 377.jpg , 1 
 378.jpg , 1 
 379.jpg , 1 
 380.jpg , 1 
 381.jpg , 1 
 382.jpg , 1 
 383.jpg , 1 
 384.jpg , 1 
 385.jpg , 1 
 386.jpg , 1 
 387.jpg , 1 
 388.jpg , 1 
 389.jpg , 1 
 390.jpg , 1 
 391.jpg , 1 
 392.jpg , 1 
 393.jpg , 1 
 394.jpg , 1 
 395.jpg , 1 
 396.jpg , 1 
 397.jpg , 1 
 398.jpg , 1 
 399.jpg , 1 
 400.jpg , 1 
 401.jpg , 1 
 402.jpg , 1 
 403.jpg , 1 
 404.jpg , 1 
 405.jpg , 1 
 406.jpg , 1 
 407.jpg , 1 
 408.jpg , 1 
 409.jpg , 1 
 410.jpg , 1 
 411.jpg , 1 
 412.jpg , 1 
 413.jpg , 1 
 414.jpg , 1 
 415.jpg , 1 
 416.jpg , 1 
 417.jpg , 1 
 418.jpg , 1 
 419.jpg , 1 
 420.jpg , 1 
 421.jpg , 1 
 422.jpg , 1 
 423.jpg , 1 
 424.jpg , 1 
 425.jpg , 1 
 426.jpg , 1 
 427.jpg , 1 
 428.jpg , 1 
 429.jpg , 1 
 430.jpg , 1 
 431.jpg , 1 
 432.jpg , 1 
 433.jpg , 1 
 434.jpg , 1 
 435.jpg , 1 
 436.jpg , 1 
 437.jpg , 1 
 438.jpg , 1 
 439.jpg , 1 
 440.jpg , 1 
 441.jpg , 1 
 442.jpg , 1 
 443.jpg , 1 
 444.jpg , 1 
 445.jpg , 1 
 446.jpg , 1 
 447.jpg , 1 
 448.jpg , 1 
 449.jpg , 1 
 450.jpg , 1 
 451.jpg , 1 
 452.jpg , 1 
 453.jpg , 1 
 454.jpg , 1 
 455.jpg , 1 
 456.jpg , 1 
 457.jpg , 1 
 458.jpg , 1 
 459.jpg , 1 
 460.jpg , 1 
 461.jpg , 1 
 462.jpg , 1 
 463.jpg , 1 
 464.jpg , 1 
 465.jpg , 1 
 466.jpg , 1 
 467.jpg , 1 
 468.jpg , 1 
 469.jpg , 1 
 470.jpg , 1 
 471.jpg , 1 
 472.jpg , 1 
 473.jpg , 1 
 474.jpg , 1 
 475.jpg , 1 
 476.jpg , 1 
 477.jpg , 1 
 478.jpg , 1 
 479.jpg , 1 
 480.jpg , 1 
 481.jpg , 1 
 482.jpg , 1 
 483.jpg , 1 
 484.jpg , 1 
 485.jpg , 1 
 486.jpg , 1 
 487.jpg , 1 
 488.jpg , 1 
 489.jpg , 1 
 490.jpg , 1 
 491.jpg , 1 
 492.jpg , 1 
 493.jpg , 1 
 494.jpg , 1 
 495.jpg , 1 
 496.jpg , 1 
 497.jpg , 1 
 498.jpg , 1 
 499.jpg , 1 
 500.jpg , 1 
 501.jpg , 1 
 502.jpg , 1 
 503.jpg , 1 
 504.jpg , 1 
 505.jpg , 1 
 506.jpg , 1 
 507.jpg , 1 
 508.jpg , 1 
 509.jpg , 1 
 510.jpg , 1 
 511.jpg , 1 
 512.jpg , 1 
 513.jpg , 1 
 514.jpg , 1 
 515.jpg , 1 
 516.jpg , 1 
 517.jpg , 1 
 518.jpg , 1 
 519.jpg , 1 
 520.jpg , 1 
 521.jpg , 1 
 522.jpg , 1 
 523.jpg , 1 
 524.jpg , 1 
 525.jpg , 1 
 526.jpg , 1 
 527.jpg , 1 
 528.jpg , 1 
 529.jpg , 1 
 530.jpg , 1 
 531.jpg , 1 
 532.jpg , 1 
 533.jpg , 1 
 534.jpg , 1 
 535.jpg , 1 
 536.jpg , 1 
 537.jpg , 1 
 538.jpg , 1 
 539.jpg , 1 
 540.jpg , 1 
 541.jpg , 1 
 542.jpg , 1 
 543.jpg , 1 
 544.jpg , 1 
 545.jpg , 1 
 546.jpg , 1 
 547.jpg , 1 
 548.jpg , 1 
 549.jpg , 1 
 550.jpg , 1 
 551.jpg , 1 
 552.jpg , 1 
 553.jpg , 1 
 554.jpg , 1 
 555.jpg , 1 
 556.jpg , 1 
 557.jpg , 1 
 558.jpg , 1 
 559.jpg , 1 
 560.jpg , 1 
 561.jpg , 1 
 562.jpg , 1 
 563.jpg , 1 
 564.jpg , 1 
 565.jpg , 1 
 566.jpg , 1 
 567.jpg , 1 
 568.jpg , 1 
 569.jpg , 1 
 570.jpg , 1 
 571.jpg , 1 
 572.jpg , 1 
 573.jpg , 1 
 574.jpg , 1 
 575.jpg , 1 
 576.jpg , 1 
 577.jpg , 1 
 578.jpg , 1 
 579.jpg , 1 
 580.jpg , 1 
 581.jpg , 1 
 582.jpg , 1 
 583.jpg , 1 
 584.jpg , 1 
 585.jpg , 1 
 586.jpg , 1 
 587.jpg , 1 
 588.jpg , 1 
 589.jpg , 1 
 590.jpg , 1 
 591.jpg , 1 
 592.jpg , 1 
 593.jpg , 1 
 594.jpg , 1 
 595.jpg , 1 
 596.jpg , 1 
 597.jpg , 1 
 598.jpg , 1 
 599.jpg , 1 
 600.jpg , 1 
 601.jpg , 1 
 602.jpg , 1 
 603.jpg , 1 
 604.jpg , 1 
 605.jpg , 1 
 606.jpg , 1 
 607.jpg , 1 
 608.jpg , 1 
 609.jpg , 1 
 610.jpg , 1 
 611.jpg , 1 
 612.jpg , 1 
 613.jpg , 1 
 614.jpg , 1 
 615.jpg , 1 
 616.jpg , 1 
 617.jpg , 1 
 618.jpg , 1 
 619.jpg , 1 
 620.jpg , 1 
 621.jpg , 1 
 622.jpg , 1 
 623.jpg , 1 
 624.jpg , 1 
 625.jpg , 1 
 626.jpg , 1 
 627.jpg , 1 
 628.jpg , 1 
 629.jpg , 1 
 630.jpg , 1 
 631.jpg , 1 
 632.jpg , 1 
 633.jpg , 1 
 634.jpg , 1 
 635.jpg , 1 
 636.jpg , 1 
 637.jpg , 1 
 638.jpg , 1 
 639.jpg , 1 
 640.jpg , 1 
 641.jpg , 1 
 642.jpg , 1 
 643.jpg , 1 
 644.jpg , 1 
 645.jpg , 1 
 646.jpg , 1 
 647.jpg , 1 
 648.jpg , 1 
 649.jpg , 1 
 650.jpg , 1 
 651.jpg , 1 
 652.jpg , 1 
 653.jpg , 1 
 654.jpg , 1 
 655.jpg , 1 
 656.jpg , 1 
 657.jpg , 1 
 658.jpg , 1 
 659.jpg , 1 
 660.jpg , 1 
 661.jpg , 1 
 662.jpg , 1 
 663.jpg , 1 
 664.jpg , 1 
 665.jpg , 1 
 666.jpg , 1 
 667.jpg , 1 
 668.jpg , 1 
 669.jpg , 1 
 670.jpg , 1 
 671.jpg , 1 
 672.jpg , 1 
 673.jpg , 1 
 674.jpg , 1 
 675.jpg , 1 
 676.jpg , 1 
 677.jpg , 1 
 678.jpg , 1 
 679.jpg , 1 
 680.jpg , 1 
 681.jpg , 1 
 682.jpg , 1 
 683.jpg , 1 
 684.jpg , 1 
 685.jpg , 1 
 686.jpg , 1 
 687.jpg , 1 
 688.jpg , 1 
 689.jpg , 1 
 690.jpg , 1 
 691.jpg , 1 
 692.jpg , 1 
 693.jpg , 1 
 694.jpg , 1 
 695.jpg , 1 
 696.jpg , 1 
 697.jpg , 1 
 698.jpg , 1 
 699.jpg , 1 
 700.jpg , 1 
 701.jpg , 1 
 702.jpg , 1 
 703.jpg , 1 
 704.jpg , 1 
 705.jpg , 1 
 706.jpg , 1 
 707.jpg , 1 
 708.jpg , 1 
 709.jpg , 1 
 710.jpg , 1 
 711.jpg , 1 
 712.jpg , 1 
 713.jpg , 1 
 714.jpg , 1 
 715.jpg , 1 
 716.jpg , 1 
 717.jpg , 1 
 718.jpg , 1 
 719.jpg , 1 
 720.jpg , 1 
 721.jpg , 1 
 722.jpg , 1 
 723.jpg , 1 
 724.jpg , 1 
 725.jpg , 1 
 726.jpg , 1 
 727.jpg , 1 
 728.jpg , 1 
 729.jpg , 1 
 730.jpg , 1 
 731.jpg , 1 
 732.jpg , 1 
 733.jpg , 1 
 734.jpg , 1 
 735.jpg , 1 
 736.jpg , 1 
 737.jpg , 1 
 738.jpg , 1 
 739.jpg , 1 
 740.jpg , 1 
 741.jpg , 1 
 742.jpg , 1 
 743.jpg , 1 
 744.jpg , 1 
 745.jpg , 1 
 746.jpg , 1 
 747.jpg , 1 
 748.jpg , 1 
 749.jpg , 1 
 750.jpg , 1 
 751.jpg , 1 
 752.jpg , 1 
 753.jpg , 1 
 754.jpg , 1 
 755.jpg , 1 
 756.jpg , 1 
 757.jpg , 1 
 758.jpg , 1 
 759.jpg , 1 
 760.jpg , 1 
 761.jpg , 1 
 762.jpg , 1 
 763.jpg , 1 
 764.jpg , 1 
 765.jpg , 1 
 766.jpg , 1 
 767.jpg , 1 
 768.jpg , 1 
 769.jpg , 1 
 770.jpg , 1 
 771.jpg , 1 
 772.jpg , 1 
 773.jpg , 1 
 774.jpg , 1 
 775.jpg , 1 
 776.jpg , 1 
 777.jpg , 1 
 778.jpg , 1 
 779.jpg , 1 
 780.jpg , 1 
 781.jpg , 1 
 782.jpg , 1 
 783.jpg , 1 
 784.jpg , 1 
 785.jpg , 1 
 786.jpg , 1 
 787.jpg , 1 
 788.jpg , 1 
 789.jpg , 1 
 790.jpg , 1 
 791.jpg , 1 
 792.jpg , 1 
 793.jpg , 1 
 794.jpg , 1 
 795.jpg , 1 
 796.jpg , 1 
 797.jpg , 1 
 798.jpg , 1 
 799.jpg , 1 
 800.jpg , 1 
 801.jpg , 1 
 802.jpg , 1 
 803.jpg , 1 
 804.jpg , 1 
 805.jpg , 1 
 806.jpg , 1 
 807.jpg , 1 
 808.jpg , 1 
 809.jpg , 1 
 810.jpg , 1 
 811.jpg , 1 
 812.jpg , 1 
 813.jpg , 1 
 814.jpg , 1 
 815.jpg , 1 
 816.jpg , 1 
 817.jpg , 1 
 818.jpg , 1 
 819.jpg , 1 
 820.jpg , 1 
 821.jpg , 1 
 822.jpg , 1 
 823.jpg , 1 
 824.jpg , 1 
 825.jpg , 1 
 826.jpg , 1 
 827.jpg , 1 
 828.jpg , 1 
 829.jpg , 1 
 830.jpg , 1 
 831.jpg , 1 
 832.jpg , 1 
 833.jpg , 1 
 834.jpg , 1 
 835.jpg , 1 
 836.jpg , 1 
 837.jpg , 1 
 838.jpg , 1 
 839.jpg , 1 
 840.jpg , 1 
 841.jpg , 1 
 842.jpg , 1 
 843.jpg , 1 
 844.jpg , 1 
 845.jpg , 1 
 846.jpg , 1 
 847.jpg , 1 
 848.jpg , 1 
 849.jpg , 1 
 850.jpg , 1 
 851.jpg , 1 
 852.jpg , 1 
 853.jpg , 1 
 854.jpg , 1 
 855.jpg , 1 
 856.jpg , 1 
 857.jpg , 1 
 858.jpg , 1 
 859.jpg , 1 
 860.jpg , 1 
 861.jpg , 1 
 862.jpg , 1 
 863.jpg , 1 
 864.jpg , 1 
 865.jpg , 1 
 866.jpg , 1 
 867.jpg , 1 
 868.jpg , 1 
 869.jpg , 1 
 870.jpg , 1 
 871.jpg , 1 
 872.jpg , 1 
 873.jpg , 1 
 874.jpg , 1 
 875.jpg , 1 
 876.jpg , 1 
 877.jpg , 1 
 878.jpg , 1 
 879.jpg , 1 
 880.jpg , 1 
 881.jpg , 1 
 882.jpg , 1 
 883.jpg , 1 
 884.jpg , 1 
 885.jpg , 1 
 886.jpg , 1 
 887.jpg , 1 
 888.jpg , 1 
 889.jpg , 1 
 890.jpg , 1 
 891.jpg , 1 
 892.jpg , 1 
 893.jpg , 1 
 894.jpg , 1 
 895.jpg , 1 
 896.jpg , 1 
 897.jpg , 1 
 898.jpg , 1 
 899.jpg , 1 
 900.jpg , 1 
 901.jpg , 1 
 902.jpg , 1 
 903.jpg , 1 
 904.jpg , 1 
 905.jpg , 1 
 906.jpg , 1 
 907.jpg , 1 
 908.jpg , 1 
 909.jpg , 1 
 910.jpg , 1 
 911.jpg , 1 
 912.jpg , 1 
 913.jpg , 1 
 914.jpg , 1 
 915.jpg , 1 
 916.jpg , 1 
 917.jpg , 1 
 918.jpg , 1 
 919.jpg , 1 
 920.jpg , 1 
 921.jpg , 1 
 922.jpg , 1 
 923.jpg , 1 
 924.jpg , 1 
 925.jpg , 1 
 926.jpg , 1 
 927.jpg , 1 
 928.jpg , 1 
 929.jpg , 1 
 930.jpg , 1 
 931.jpg , 1 
 932.jpg , 1 
 933.jpg , 1 
 934.jpg , 1 
 935.jpg , 1 
 936.jpg , 1 
 937.jpg , 1 
 938.jpg , 1 
 939.jpg , 1 
 940.jpg , 1 
 941.jpg , 1 
 942.jpg , 1 
 943.jpg , 1 
 944.jpg , 1 
 945.jpg , 1 
 946.jpg , 1 
 947.jpg , 1 
 948.jpg , 1 
 949.jpg , 1 
 950.jpg , 1 
 951.jpg , 1 
 952.jpg , 1 
 953.jpg , 1 
 954.jpg , 1 
 955.jpg , 1 
 956.jpg , 1 
 957.jpg , 1 
 958.jpg , 1 
 959.jpg , 1 
 960.jpg , 1 
 961.jpg , 1 
 962.jpg , 1 
 963.jpg , 1 
 964.jpg , 1 
 965.jpg , 1 
 966.jpg , 1 
 967.jpg , 1 
 968.jpg , 1 
 969.jpg , 1 
 970.jpg , 1 
 971.jpg , 1 
 972.jpg , 1 
 973.jpg , 1 
 974.jpg , 1 
 975.jpg , 1 
 976.jpg , 1 
 977.jpg , 1 
 978.jpg , 1 
 979.jpg , 1 
 980.jpg , 1 
 981.jpg , 1 
 982.jpg , 1 
 983.jpg , 1 
 984.jpg , 1 
 985.jpg , 1 
 986.jpg , 1 
 987.jpg , 1 
 988.jpg , 1 
 989.jpg , 1 
 990.jpg , 1 
 991.jpg , 1 
 992.jpg , 1 
 993.jpg , 1 
 994.jpg , 1 
 995.jpg , 1 
 996.jpg , 1 
 997.jpg , 1 
 998.jpg , 1 
 999.jpg , 1 
 1000.jpg , 1 
 1001.jpg , 1 
 1002.jpg , 1 
 1003.jpg , 1 
 1004.jpg , 1 
 1005.jpg , 1 
 1006.jpg , 1 
 1007.jpg , 1 
 1008.jpg , 1 
 1009.jpg , 1 
 1010.jpg , 1 
 1011.jpg , 1 
 1012.jpg , 1 
 1013.jpg , 1 
 1014.jpg , 1 
 1015.jpg , 1 
 1016.jpg , 1 
 1017.jpg , 1 
 1018.jpg , 1 
 1019.jpg , 1 
 1020.jpg , 1 
 1021.jpg , 1 
 1022.jpg , 1 
 1023.jpg , 1 
 1024.jpg , 1 
 1025.jpg , 1 
 1026.jpg , 1 
 1027.jpg , 1 
 1028.jpg , 1 
 1029.jpg , 1 
 1030.jpg , 1 
 1031.jpg , 1 
 1032.jpg , 1 
 1033.jpg , 1 
 1034.jpg , 1 
 1035.jpg , 1 
 1036.jpg , 1 
 1037.jpg , 1 
 1038.jpg , 1 
 1039.jpg , 1 
 1040.jpg , 1 
 1041.jpg , 1 
 1042.jpg , 1 
 1043.jpg , 1 
 1044.jpg , 1 
 1045.jpg , 1 
 1046.jpg , 1 
 1047.jpg , 1 
 1048.jpg , 1 
 1049.jpg , 1 
 1050.jpg , 1 
 1051.jpg , 1 
 1052.jpg , 1 
 1053.jpg , 1 
 1054.jpg , 1 
 1055.jpg , 1 
 1056.jpg , 1 
 1057.jpg , 1 
 1058.jpg , 1 
 1059.jpg , 1 
 1060.jpg , 1 
 1061.jpg , 1 
 1062.jpg , 1 
 1063.jpg , 1 
 1064.jpg , 1 
 1065.jpg , 1 
 1066.jpg , 1 
 1067.jpg , 1 
 1068.jpg , 1 
 1069.jpg , 1 
 1070.jpg , 1 
 1071.jpg , 1 
 1072.jpg , 1 
 1073.jpg , 1 
 1074.jpg , 1 
 1075.jpg , 1 
 1076.jpg , 1 
 1077.jpg , 1 
 1078.jpg , 1 
 1079.jpg , 1 
 1080.jpg , 1 
 1081.jpg , 1 
 1082.jpg , 1 
 1083.jpg , 1 
 1084.jpg , 1 
 1085.jpg , 1 
 1086.jpg , 1 
 1087.jpg , 1 
 1088.jpg , 1 
 1089.jpg , 1 
 1090.jpg , 1 
 1091.jpg , 1 
 1092.jpg , 1 
 1093.jpg , 1 
 1094.jpg , 1 
 1095.jpg , 1 
 1096.jpg , 1 
 1097.jpg , 1 
 1098.jpg , 1 
 1099.jpg , 1 
 1100.jpg , 1 
 1101.jpg , 1 
 1102.jpg , 1 
 1103.jpg , 1 
 1104.jpg , 1 
 1105.jpg , 1 
 1106.jpg , 1 
 1107.jpg , 1 
 1108.jpg , 1 
 1109.jpg , 1 
 1110.jpg , 1 
 1111.jpg , 1 
 1112.jpg , 1 
 1113.jpg , 1 
 1114.jpg , 1 
 1115.jpg , 1 
 1116.jpg , 1 
 1117.jpg , 1 
 1118.jpg , 1 
 1119.jpg , 1 
 1120.jpg , 1 
 1121.jpg , 1 
 1122.jpg , 1 
 1123.jpg , 1 
 1124.jpg , 1 
 1125.jpg , 1 
 1126.jpg , 1 
 1127.jpg , 1 
 1128.jpg , 1 
 1129.jpg , 1 
 1130.jpg , 1 
 1131.jpg , 1 
 1132.jpg , 1 
 1133.jpg , 1 
 1134.jpg , 1 
 1135.jpg , 1 
 1136.jpg , 1 
 1137.jpg , 1 
 1138.jpg , 1 
 1139.jpg , 1 
 1140.jpg , 1 
 1141.jpg , 1 
 1142.jpg , 1 
 1143.jpg , 1 
 1144.jpg , 1 
 1145.jpg , 1 
 1146.jpg , 1 
 1147.jpg , 1 
 1148.jpg , 1 
 1149.jpg , 1 
 1150.jpg , 1 
 1151.jpg , 1 
 1152.jpg , 1 
 1153.jpg , 1 
 1154.jpg , 1 
 1155.jpg , 1 
 1156.jpg , 1 
 1157.jpg , 1 
 1158.jpg , 1 
 1159.jpg , 1 
 1160.jpg , 1 
 1161.jpg , 1 
 1162.jpg , 1 
 1163.jpg , 1 
 1164.jpg , 1 
 1165.jpg , 1 
 1166.jpg , 1 
 1167.jpg , 1 
 1168.jpg , 1 
 1169.jpg , 1 
 1170.jpg , 1 
 1171.jpg , 1 
 1172.jpg , 1 
 1173.jpg , 1 
 1174.jpg , 1 
 1175.jpg , 1 
 1176.jpg , 1 
 1177.jpg , 1 
 1178.jpg , 1 
 1179.jpg , 1 
 1180.jpg , 1 
 1181.jpg , 1 
 1182.jpg , 1 
 1183.jpg , 1 
 1184.jpg , 1 
 1185.jpg , 1 
 1186.jpg , 1 
 1187.jpg , 1 
 1188.jpg , 1 
 1189.jpg , 1 
 1190.jpg , 1 
 1191.jpg , 1 
 1192.jpg , 1 
 1193.jpg , 1 
 1194.jpg , 1 
 1195.jpg , 1 
 1196.jpg , 1 
 1197.jpg , 1 
 1198.jpg , 1 
 1199.jpg , 1 
 1200.jpg , 1 
 1201.jpg , 1 
 1202.jpg , 1 
 1203.jpg , 1 
 1204.jpg , 1 
 1205.jpg , 1 
 1206.jpg , 1 
 1207.jpg , 1 
 1208.jpg , 1 
 1209.jpg , 1 
 1210.jpg , 1 
 1211.jpg , 1 
 1212.jpg , 1 
 1213.jpg , 1 
 1214.jpg , 1 
 1215.jpg , 1 
 1216.jpg , 1 
 1217.jpg , 1 
 1218.jpg , 1 
 1219.jpg , 1 
 1220.jpg , 1 
 1221.jpg , 1 
 1222.jpg , 1 
 1223.jpg , 1 
 1224.jpg , 1 
 1225.jpg , 1 
 1226.jpg , 1 
 1227.jpg , 1 
 1228.jpg , 1 
 1229.jpg , 1 
 1230.jpg , 1 
 1231.jpg , 1 
 1232.jpg , 1 
 1233.jpg , 1 
 1234.jpg , 1 
 1235.jpg , 1 
 1236.jpg , 1 
 1237.jpg , 1 
 1238.jpg , 1 
 1239.jpg , 1 
 1240.jpg , 1 
 1241.jpg , 1 
 1242.jpg , 1 
 1243.jpg , 1 
 1244.jpg , 1 
 1245.jpg , 1 
 1246.jpg , 1 
 1247.jpg , 1 
 1248.jpg , 1 
 1249.jpg , 1 
 1250.jpg , 1 
 1251.jpg , 1 
 1252.jpg , 1 
 1253.jpg , 1 
 1254.jpg , 1 
 1255.jpg , 1 
 1256.jpg , 1 
 1257.jpg , 1 
 1258.jpg , 1 
 1259.jpg , 1 
 1260.jpg , 1 
 1261.jpg , 1 
 1262.jpg , 1 
 1263.jpg , 1 
 1264.jpg , 1 
 1265.jpg , 1 
 1266.jpg , 1 
 1267.jpg , 1 
 1268.jpg , 1 
 1269.jpg , 1 
 1270.jpg , 1 
 1271.jpg , 1 
 1272.jpg , 1 
 1273.jpg , 1 
 1274.jpg , 1 
 1275.jpg , 1 
 1276.jpg , 1 
 1277.jpg , 1 
 1278.jpg , 1 
 1279.jpg , 1 
 1280.jpg , 1 
 1281.jpg , 1 
 1282.jpg , 1 
 1283.jpg , 1 
 1284.jpg , 1 
 1285.jpg , 1 
 1286.jpg , 1 
 1287.jpg , 1 
 1288.jpg , 1 
 1289.jpg , 1 
 1290.jpg , 1 
 1291.jpg , 1 
 1292.jpg , 1 
 1293.jpg , 1 
 1294.jpg , 1 
 1295.jpg , 1 
 1296.jpg , 1 
 1297.jpg , 1 
 1298.jpg , 1 
 1299.jpg , 1 
 1300.jpg , 1 
 1301.jpg , 1 
 1302.jpg , 1 
 1303.jpg , 1 
 1304.jpg , 1 
 1305.jpg , 1 
 1306.jpg , 1 
 1307.jpg , 1 
 1308.jpg , 1 
 1309.jpg , 1 
 1310.jpg , 1 
 1311.jpg , 1 
 1312.jpg , 1 
 1313.jpg , 1 
 1314.jpg , 1 
 1315.jpg , 1 
 1316.jpg , 1 
 1317.jpg , 1 
 1318.jpg , 1 
 1319.jpg , 1 
 1320.jpg , 1 
 1321.jpg , 1 
 1322.jpg , 1 
 1323.jpg , 1 
 1324.jpg , 1 
 1325.jpg , 1 
 1326.jpg , 1 
 1327.jpg , 1 
 1328.jpg , 1 
 1329.jpg , 1 
 1330.jpg , 1 
 1331.jpg , 1 
 1332.jpg , 1 
 1333.jpg , 1 
 1334.jpg , 1 
 1335.jpg , 1 
 1336.jpg , 1 
 1337.jpg , 1 
 1338.jpg , 1 
 1339.jpg , 1 
 1340.jpg , 1 
 1341.jpg , 1 
 1342.jpg , 1 
 1343.jpg , 1 
 1344.jpg , 1 
 1345.jpg , 1 
 1346.jpg , 1 
 1347.jpg , 1 
 1348.jpg , 1 
 1349.jpg , 1 
 1350.jpg , 1 
 1351.jpg , 1 
 1352.jpg , 1 
 1353.jpg , 1 
 1354.jpg , 1 
 1355.jpg , 1 
 1356.jpg , 1 
 1357.jpg , 1 
 1358.jpg , 1 
 1359.jpg , 1 
 1360.jpg , 1 
 1361.jpg , 1 
 1362.jpg , 1 
 1363.jpg , 1 
 1364.jpg , 1 
 1365.jpg , 1 
 1366.jpg , 1 
 1367.jpg , 1 
 1368.jpg , 1 
 1369.jpg , 1 
 1370.jpg , 1 
 1371.jpg , 1 
 1372.jpg , 1 
 1373.jpg , 1 
 1374.jpg , 1 
 1375.jpg , 1 
 1376.jpg , 1 
 1377.jpg , 1 
 1378.jpg , 1 
 1379.jpg , 1 
 1380.jpg , 1 
 1381.jpg , 1 
 1382.jpg , 1 
 1383.jpg , 1 
 1384.jpg , 1 
 1385.jpg , 1 
 1386.jpg , 1 
 1387.jpg , 1 
 1388.jpg , 1 
 1389.jpg , 1 
 1390.jpg , 1 
 1391.jpg , 1 
 1392.jpg , 1 
 1393.jpg , 1 
 1394.jpg , 1 
 1395.jpg , 1 
 1396.jpg , 1 
 1397.jpg , 1 
 1398.jpg , 1 
 1399.jpg , 1 
 1400.jpg , 1 
 1401.jpg , 1 
 1402.jpg , 1 
 1403.jpg , 1 
 1404.jpg , 1 
 1405.jpg , 1 
 1406.jpg , 1 
 1407.jpg , 1 
 1408.jpg , 1 
 1409.jpg , 1 
 1410.jpg , 1 
 1411.jpg , 1 
 1412.jpg , 1 
 1413.jpg , 1 
 1414.jpg , 1 
 1415.jpg , 1 
 1416.jpg , 1 
 1417.jpg , 1 
 1418.jpg , 1 
 1419.jpg , 1 
 1420.jpg , 1 
 1421.jpg , 1 
 1422.jpg , 1 
 1423.jpg , 1 
 1424.jpg , 1 
 1425.jpg , 1 
 1426.jpg , 1 
 1427.jpg , 1 
 1428.jpg , 1 
 1429.jpg , 1 
 1430.jpg , 1 
 1431.jpg , 1 
 1432.jpg , 1 
 1433.jpg , 1 
 1434.jpg , 1 
 1435.jpg , 1 
 1436.jpg , 1 
 1437.jpg , 1 
 1438.jpg , 1 
 1439.jpg , 1 
 1440.jpg , 1 
 1441.jpg , 1 
 1442.jpg , 1 
 1443.jpg , 1 
 1444.jpg , 1 
 1445.jpg , 1 
 1446.jpg , 1 
 1447.jpg , 1 
 1448.jpg , 1 
 1449.jpg , 1 
 1450.jpg , 1 
 1451.jpg , 1 
 1452.jpg , 1 
 1453.jpg , 1 
 1454.jpg , 1 
 1455.jpg , 1 
 1456.jpg , 1 
 1457.jpg , 1 
 1458.jpg , 1 
 1459.jpg , 1 
 1460.jpg , 1 
 1461.jpg , 1 
 1462.jpg , 1 
 1463.jpg , 1 
 1464.jpg , 1 
 1465.jpg , 1 
 1466.jpg , 1 
 1467.jpg , 1 
 1468.jpg , 1 
 1469.jpg , 1 
 1470.jpg , 1 
 1471.jpg , 1 
 1472.jpg , 1 
 1473.jpg , 1 
 1474.jpg , 1 
 1475.jpg , 1 
 1476.jpg , 1 
 1477.jpg , 1 
 1478.jpg , 1 
 1479.jpg , 1 
 1480.jpg , 1 
 1481.jpg , 1 
 1482.jpg , 1 
 1483.jpg , 1 
 1484.jpg , 1 
 1485.jpg , 1 
 1486.jpg , 1 
 1487.jpg , 1 
 1488.jpg , 1 
 1489.jpg , 1 
 1490.jpg , 1 
 1491.jpg , 1 
 1492.jpg , 1 
 1493.jpg , 1 
 1494.jpg , 1 
 1495.jpg , 1 
 1496.jpg , 1 
 1497.jpg , 1 
 1498.jpg , 1 
 1499.jpg , 1 
 1500.jpg , 1 
 1501.jpg , 1 
 1502.jpg , 1 
 1503.jpg , 1 
 1504.jpg , 1 
 1505.jpg , 1 
 1506.jpg , 1 
 1507.jpg , 1 
 1508.jpg , 1 
 1509.jpg , 1 
 1510.jpg , 1 
 1511.jpg , 1 
 1512.jpg , 1 
 1513.jpg , 1 
 1514.jpg , 1 
 1515.jpg , 1 
 1516.jpg , 1 
 1517.jpg , 1 
 1518.jpg , 1 
 1519.jpg , 1 
 1520.jpg , 1 
 1521.jpg , 1 
 1522.jpg , 1 
 1523.jpg , 1 
 1524.jpg , 1 
 1525.jpg , 1 
 1526.jpg , 1 
 1527.jpg , 1 
 1528.jpg , 1 
 1529.jpg , 1 
 1530.jpg , 1 
 1531.jpg , 1 
 1532.jpg , 1 
 1533.jpg , 1 
 1534.jpg , 1 
 1535.jpg , 1 
 1536.jpg , 1 
 1537.jpg , 1 
 1538.jpg , 1 
 1539.jpg , 1 
 1540.jpg , 1 
 1541.jpg , 1 
 1542.jpg , 1 
 1543.jpg , 1 
 1544.jpg , 1 
 1545.jpg , 1 
 1546.jpg , 1 
 1547.jpg , 1 
 1548.jpg , 1 
 1549.jpg , 1 
 1550.jpg , 1 
 1551.jpg , 1 
 1552.jpg , 1 
 1553.jpg , 1 
 1554.jpg , 1 
 1555.jpg , 1 
 1556.jpg , 1 
 1557.jpg , 1 
 1558.jpg , 1 
 1559.jpg , 1 
 1560.jpg , 1 
 1561.jpg , 1 
 1562.jpg , 1 
 1563.jpg , 1 
 1564.jpg , 1 
 1565.jpg , 1 
 1566.jpg , 1 
 1567.jpg , 1 
 1568.jpg , 1 
 1569.jpg , 1 
 1570.jpg , 1 
 1571.jpg , 1 
 1572.jpg , 1 
 1573.jpg , 1 
 1574.jpg , 1 
 1575.jpg , 1 
 1576.jpg , 1 
 1577.jpg , 1 
 1578.jpg , 1 
 1579.jpg , 1 
 1580.jpg , 1 
 1581.jpg , 1 
 1582.jpg , 1 
 1583.jpg , 1 
 1584.jpg , 1 
 1585.jpg , 1 
 1586.jpg , 1 
 1587.jpg , 1 
 1588.jpg , 1 
 1589.jpg , 1 
 1590.jpg , 1 
 1591.jpg , 1 
 1592.jpg , 1 
 1593.jpg , 1 
 1594.jpg , 1 
 1595.jpg , 1 
 1596.jpg , 1 
 1597.jpg , 1 
 1598.jpg , 1 
 1599.jpg , 1 
 1600.jpg , 1 
 1601.jpg , 1 
 1602.jpg , 1 
 1603.jpg , 1 
 1604.jpg , 1 
 1605.jpg , 1 
 1606.jpg , 1 
 1607.jpg , 1 
 1608.jpg , 1 
 1609.jpg , 1 
 1610.jpg , 1 
 1611.jpg , 1 
 1612.jpg , 1 
 1613.jpg , 1 
 1614.jpg , 1 
 1615.jpg , 1 
 1616.jpg , 1 
 1617.jpg , 1 
 1618.jpg , 1 
 1619.jpg , 1 
 1620.jpg , 1 
 1621.jpg , 1 
 1622.jpg , 1 
 1623.jpg , 1 
 1624.jpg , 1 
 1625.jpg , 1 
 1626.jpg , 1 
 1627.jpg , 1 
 1628.jpg , 1 
 1629.jpg , 1 
 1630.jpg , 1 
 1631.jpg , 1 
 1632.jpg , 1 
 1633.jpg , 1 
 1634.jpg , 1 
 1635.jpg , 1 
 1636.jpg , 1 
 1637.jpg , 1 
 1638.jpg , 1 
 1639.jpg , 1 
 1640.jpg , 1 
 1641.jpg , 1 
 1642.jpg , 1 
 1643.jpg , 1 
 1644.jpg , 1 
 1645.jpg , 1 
 1646.jpg , 1 
 1647.jpg , 1 
 1648.jpg , 1 
 1649.jpg , 1 
 1650.jpg , 1 
 1651.jpg , 1 
 1652.jpg , 1 
 1653.jpg , 1 
 1654.jpg , 1 
 1655.jpg , 1 
 1656.jpg , 1 
 1657.jpg , 1 
 1658.jpg , 1 
 1659.jpg , 1 
 1660.jpg , 1 
 1661.jpg , 1 
 1662.jpg , 1 
 1663.jpg , 1 
 1664.jpg , 1 
 1665.jpg , 1 
 1666.jpg , 1 
 1667.jpg , 1 
 1668.jpg , 1 
 1669.jpg , 1 
 1670.jpg , 1 
 1671.jpg , 1 
 1672.jpg , 1 
 1673.jpg , 1 
 1674.jpg , 1 
 1675.jpg , 1 
 1676.jpg , 1 
 1677.jpg , 1 
 1678.jpg , 1 
 1679.jpg , 1 
 1680.jpg , 1 
 1681.jpg , 1 
 1682.jpg , 1 
 1683.jpg , 1 
 1684.jpg , 1 
 1685.jpg , 1 
 1686.jpg , 1 
 1687.jpg , 1 
 1688.jpg , 1 
 1689.jpg , 1 
 1690.jpg , 1 
 1691.jpg , 1 
 1692.jpg , 1 
 1693.jpg , 1 
 1694.jpg , 1 
 1695.jpg , 1 
 1696.jpg , 1 
 1697.jpg , 1 
 1698.jpg , 1 
 1699.jpg , 1 
 1700.jpg , 1 
 1701.jpg , 1 
 1702.jpg , 1 
 1703.jpg , 1 
 1704.jpg , 1 
 1705.jpg , 1 
 1706.jpg , 1 
 1707.jpg , 1 
 1708.jpg , 1 
 1709.jpg , 1 
 1710.jpg , 1 
 1711.jpg , 1 
 1712.jpg , 1 
 1713.jpg , 1 
 1714.jpg , 1 
 1715.jpg , 1 
 1716.jpg , 1 
 1717.jpg , 1 
 1718.jpg , 1 
 1719.jpg , 1 
 1720.jpg , 1 
 1721.jpg , 1 
 1722.jpg , 1 
 1723.jpg , 1 
 1724.jpg , 1 
 1725.jpg , 1 
 1726.jpg , 1 
 1727.jpg , 1 
 1728.jpg , 1 
 1729.jpg , 1 
 1730.jpg , 1 
 1731.jpg , 1 
 1732.jpg , 1 
 1733.jpg , 1 
 1734.jpg , 1 
 1735.jpg , 1 
 1736.jpg , 1 
 1737.jpg , 1 
 1738.jpg , 1 
 1739.jpg , 1 
 1740.jpg , 1 
 1741.jpg , 1 
 1742.jpg , 1 
 1743.jpg , 1 
 1744.jpg , 1 
 1745.jpg , 1 
 1746.jpg , 1 
 1747.jpg , 1 
 1748.jpg , 1 
 1749.jpg , 1 
 1750.jpg , 1 
 1751.jpg , 1 
 1752.jpg , 1 
 1753.jpg , 1 
 1754.jpg , 1 
 1755.jpg , 1 
 1756.jpg , 1 
 1757.jpg , 1 
 1758.jpg , 1 
 1759.jpg , 1 
 1760.jpg , 1 
 1761.jpg , 1 
 1762.jpg , 1 
 1763.jpg , 1 
 1764.jpg , 1 
 1765.jpg , 1 
 1766.jpg , 1 
 1767.jpg , 1 
 1768.jpg , 1 
 1769.jpg , 1 
 1770.jpg , 1 
 1771.jpg , 1 
 1772.jpg , 1 
 1773.jpg , 1 
 1774.jpg , 1 
 1775.jpg , 1 
 1776.jpg , 1 
 1777.jpg , 1 
 1778.jpg , 1 
 1779.jpg , 1 
 1780.jpg , 1 
 1781.jpg , 1 
 1782.jpg , 1 
 1783.jpg , 1 
 1784.jpg , 1 
 1785.jpg , 1 
 1786.jpg , 1 
 1787.jpg , 1 
 1788.jpg , 1 
 1789.jpg , 1 
 1790.jpg , 1 
 1791.jpg , 1 
 1792.jpg , 1 
 1793.jpg , 1 
 1794.jpg , 1 
 1795.jpg , 1 
 1796.jpg , 1 
 1797.jpg , 1 
 1798.jpg , 1 
 1799.jpg , 1 
 1800.jpg , 1 
 1801.jpg , 1 
 1802.jpg , 1 
 1803.jpg , 1 
 1804.jpg , 1 
 1805.jpg , 1 
 1806.jpg , 1 
 1807.jpg , 1 
 1808.jpg , 1 
 1809.jpg , 1 
 1810.jpg , 1 
 1811.jpg , 1 
 1812.jpg , 1 
 1813.jpg , 1 
 1814.jpg , 1 
 1815.jpg , 1 
 1816.jpg , 1 
 1817.jpg , 1 
 1818.jpg , 1 
 1819.jpg , 1 
 1820.jpg , 1 
 1821.jpg , 1 
 1822.jpg , 1 
 1823.jpg , 1 
 1824.jpg , 1 
 1825.jpg , 1 
 1826.jpg , 1 
 1827.jpg , 1 
 1828.jpg , 1 
 1829.jpg , 1 
 1830.jpg , 1 
 1831.jpg , 1 
 1832.jpg , 1 
 1833.jpg , 1 
 1834.jpg , 1 
 1835.jpg , 1 
 1836.jpg , 1 
 1837.jpg , 1 
 1838.jpg , 1 
 1839.jpg , 1 
 1840.jpg , 1 
 1841.jpg , 1 
 1842.jpg , 1 
 1843.jpg , 1 
 1844.jpg , 1 
 1845.jpg , 1 
 1846.jpg , 1 
 1847.jpg , 1 
 1848.jpg , 1 
 1849.jpg , 1 
 1850.jpg , 1 
 1851.jpg , 1 
 1852.jpg , 1 
 1853.jpg , 1 
 1854.jpg , 1 
 1855.jpg , 1 
 1856.jpg , 1 
 1857.jpg , 1 
 1858.jpg , 1 
 1859.jpg , 1 
 1860.jpg , 1 
 1861.jpg , 1 
 1862.jpg , 1 
 1863.jpg , 1 
 1864.jpg , 1 
 1865.jpg , 1 
 1866.jpg , 1 
 1867.jpg , 1 
 1868.jpg , 1 
 1869.jpg , 1 
 1870.jpg , 1 
 1871.jpg , 1 
 1872.jpg , 1 
 1873.jpg , 1 
 1874.jpg , 1 
 1875.jpg , 1 
 1876.jpg , 1 
 1877.jpg , 1 
 1878.jpg , 1 
 1879.jpg , 1 
 1880.jpg , 1 
 1881.jpg , 1 
 1882.jpg , 1 
 1883.jpg , 1 
 1884.jpg , 1 
 1885.jpg , 1 
 1886.jpg , 1 
 1887.jpg , 1 
 1888.jpg , 1 
 1889.jpg , 1 
 1890.jpg , 1 
 1891.jpg , 1 
 1892.jpg , 1 
 1893.jpg , 1 
 1894.jpg , 1 
 1895.jpg , 1 
 1896.jpg , 1 
 1897.jpg , 1 
 1898.jpg , 1 
 1899.jpg , 1 
 1900.jpg , 1 
 1901.jpg , 1 
 1902.jpg , 1 
 1903.jpg , 1 
 1904.jpg , 1 
 1905.jpg , 1 
 1906.jpg , 1 
 1907.jpg , 1 
 1908.jpg , 1 
 1909.jpg , 1 
 1910.jpg , 1 
 1911.jpg , 1 
 1912.jpg , 1 
 1913.jpg , 1 
 1914.jpg , 1 
 1915.jpg , 1 
 1916.jpg , 1 
 1917.jpg , 1 
 1918.jpg , 1 
 1919.jpg , 1 
 1920.jpg , 1 
 1921.jpg , 1 
 1922.jpg , 1 
 1923.jpg , 1 
 1924.jpg , 1 
 1925.jpg , 1 
 1926.jpg , 1 
 1927.jpg , 1 
 1928.jpg , 1 
 1929.jpg , 1 
 1930.jpg , 1 
 1931.jpg , 1 
 1932.jpg , 1 
 1933.jpg , 1 
 1934.jpg , 1 
 1935.jpg , 1 
 1936.jpg , 1 
 1937.jpg , 1 
 1938.jpg , 1 
 1939.jpg , 1 
 1940.jpg , 1 
 1941.jpg , 1 
 1942.jpg , 1 
 1943.jpg , 1 
 1944.jpg , 1 
 1945.jpg , 1 
 1946.jpg , 1 
 1947.jpg , 1 
 1948.jpg , 1 
 1949.jpg , 1 
 1950.jpg , 1 
 1951.jpg , 1 
 1952.jpg , 1 
 1953.jpg , 1 
 1954.jpg , 1 
 1955.jpg , 1 
 1956.jpg , 1 
 1957.jpg , 1 
 1958.jpg , 1 
 1959.jpg , 1 
 1960.jpg , 1 
 1961.jpg , 1 
 1962.jpg , 1 
 1963.jpg , 1 
 1964.jpg , 1 
 1965.jpg , 1 
 1966.jpg , 1 
 1967.jpg , 1 
 1968.jpg , 1 
 1969.jpg , 1 
 1970.jpg , 1 
 1971.jpg , 1 
 1972.jpg , 1 
 1973.jpg , 1 
 1974.jpg , 1 
 1975.jpg , 1 
 1976.jpg , 1 
 1977.jpg , 1 
 1978.jpg , 1 
 1979.jpg , 1 
 1980.jpg , 1 
 1981.jpg , 1 
 1982.jpg , 1 
 1983.jpg , 1 
 1984.jpg , 1 
 1985.jpg , 1 
 1986.jpg , 1 
 1987.jpg , 1 
 1988.jpg , 1 
 1989.jpg , 1 
 1990.jpg , 1 
 1991.jpg , 1 
 1992.jpg , 1 
 1993.jpg , 1 
 1994.jpg , 1 
 1995.jpg , 1 
 1996.jpg , 1 
 1997.jpg , 1 
 1998.jpg , 1 
 1999.jpg , 1 
 2000.jpg , 1 
 2001.jpg , 1 
 2002.jpg , 1 
 2003.jpg , 1 
 2004.jpg , 1 
 2005.jpg , 1 
 2006.jpg , 1 
 2007.jpg , 1 
 2008.jpg , 1 
 2009.jpg , 1 
 2010.jpg , 1 
 2011.jpg , 1 
 2012.jpg , 1 
 2013.jpg , 1 
 2014.jpg , 1 
 2015.jpg , 1 
 2016.jpg , 1 
 2017.jpg , 1 
 2018.jpg , 1 
 2019.jpg , 1 
 2020.jpg , 1 
 2021.jpg , 1 
 2022.jpg , 1 
 2023.jpg , 1 
 2024.jpg , 1 
 2025.jpg , 1 
 2026.jpg , 1 
 2027.jpg , 1 
 2028.jpg , 1 
 2029.jpg , 1 
 2030.jpg , 1 
 2031.jpg , 1 
 2032.jpg , 1 
 2033.jpg , 1 
 2034.jpg , 1 
 2035.jpg , 1 
 2036.jpg , 1 
 2037.jpg , 1 
 2038.jpg , 1 
 2039.jpg , 1 
 2040.jpg , 1 
 2041.jpg , 1 
 2042.jpg , 1 
 2043.jpg , 1 
 2044.jpg , 1 
 2045.jpg , 1 
 2046.jpg , 1 
 2047.jpg , 1 
 2048.jpg , 1 
 2049.jpg , 1 
 2050.jpg , 1 
 2051.jpg , 1 
 2052.jpg , 1 
 2053.jpg , 1 
 2054.jpg , 1 
 2055.jpg , 1 
 2056.jpg , 1 
 2057.jpg , 1 
 2058.jpg , 1 
 2059.jpg , 1 
 2060.jpg , 1 
 2061.jpg , 1 
 2062.jpg , 1 
 2063.jpg , 1 
 2064.jpg , 1 
 2065.jpg , 1 
 2066.jpg , 1 
 2067.jpg , 1 
 2068.jpg , 1 
 2069.jpg , 1 
 2070.jpg , 1 
 2071.jpg , 1 
 2072.jpg , 1 
 2073.jpg , 1 
 2074.jpg , 1 
 2075.jpg , 1 
 2076.jpg , 1 
 2077.jpg , 1 
 2078.jpg , 1 
 2079.jpg , 1 
 2080.jpg , 1 
 2081.jpg , 1 
 2082.jpg , 1 
 2083.jpg , 1 
 2084.jpg , 1 
 2085.jpg , 1 
 2086.jpg , 1 
 2087.jpg , 1 
 2088.jpg , 1 
 2089.jpg , 1 
 2090.jpg , 1 
 2091.jpg , 1 
 2092.jpg , 1 
 2093.jpg , 1 
 2094.jpg , 1 
 2095.jpg , 1 
 2096.jpg , 1 
 2097.jpg , 1 
 2098.jpg , 1 
 2099.jpg , 1 
 2100.jpg , 1 
 2101.jpg , 1 
 2102.jpg , 1 
 2103.jpg , 1 
 2104.jpg , 1 
 2105.jpg , 1 
 2106.jpg , 1 
 2107.jpg , 1 
 2108.jpg , 1 
 2109.jpg , 1 
 2110.jpg , 1 
 2111.jpg , 1 
 2112.jpg , 1 
 2113.jpg , 1 
 2114.jpg , 1 
 2115.jpg , 1 
 2116.jpg , 1 
 2117.jpg , 1 
 2118.jpg , 1 
 2119.jpg , 1 
 2120.jpg , 1 
 2121.jpg , 1 
 2122.jpg , 1 
 2123.jpg , 1 
 2124.jpg , 1 
 2125.jpg , 1 
 2126.jpg , 1 
 2127.jpg , 1 
 2128.jpg , 1 
 2129.jpg , 1 
 2130.jpg , 1 
 2131.jpg , 1 
 2132.jpg , 1 
 2133.jpg , 1 
 2134.jpg , 1 
 2135.jpg , 1 
 2136.jpg , 1 
 2137.jpg , 1 
 2138.jpg , 1 
 2139.jpg , 1 
 2140.jpg , 1 
 2141.jpg , 1 
 2142.jpg , 1 
 2143.jpg , 1 
 2144.jpg , 1 
 2145.jpg , 1 
 2146.jpg , 1 
 2147.jpg , 1 
 2148.jpg , 1 
 2149.jpg , 1 
 2150.jpg , 1 
 2151.jpg , 1 
 2152.jpg , 1 
 2153.jpg , 1 
 2154.jpg , 1 
 2155.jpg , 1 
 2156.jpg , 1 
 2157.jpg , 1 
 2158.jpg , 1 
 2159.jpg , 1 
 2160.jpg , 1 
 2161.jpg , 1 
 2162.jpg , 1 
 2163.jpg , 1 
 2164.jpg , 1 
 2165.jpg , 1 
 2166.jpg , 1 
 2167.jpg , 1 
 2168.jpg , 1 
 2169.jpg , 1 
 2170.jpg , 1 
 2171.jpg , 1 
 2172.jpg , 1 
 2173.jpg , 1 
 2174.jpg , 1 
 2175.jpg , 1 
 2176.jpg , 1 
 2177.jpg , 1 
 2178.jpg , 1 
 2179.jpg , 1 
 2180.jpg , 1 
 2181.jpg , 1 
 2182.jpg , 1 
 2183.jpg , 1 
 2184.jpg , 1 
 2185.jpg , 1 
 2186.jpg , 1 
 2187.jpg , 1 
 2188.jpg , 1 
 2189.jpg , 1 
 2190.jpg , 1 
 2191.jpg , 1 
 2192.jpg , 1 
 2193.jpg , 1 
 2194.jpg , 1 
 2195.jpg , 1 
 2196.jpg , 1 
 2197.jpg , 1 
 2198.jpg , 1 
 2199.jpg , 1 
 2200.jpg , 1 
 2201.jpg , 1 
 2202.jpg , 1 
 2203.jpg , 1 
 2204.jpg , 1 
 2205.jpg , 1 
 2206.jpg , 1 
 2207.jpg , 1 
 2208.jpg , 1 
 2209.jpg , 1 
 2210.jpg , 1 
 2211.jpg , 1 
 2212.jpg , 1 
 2213.jpg , 1 
 2214.jpg , 1 
 2215.jpg , 1 
 2216.jpg , 1 
 2217.jpg , 1 
 2218.jpg , 1 
 2219.jpg , 1 
 2220.jpg , 1 
 2221.jpg , 1 
 2222.jpg , 1 
 2223.jpg , 1 
 2224.jpg , 1 
 2225.jpg , 1 
 2226.jpg , 1 
 2227.jpg , 1 
 2228.jpg , 1 
 2229.jpg , 1 
 2230.jpg , 1 
 2231.jpg , 1 
 2232.jpg , 1 
 2233.jpg , 1 
 2234.jpg , 1 
 2235.jpg , 1 
 2236.jpg , 1 
 2237.jpg , 1 
 2238.jpg , 1 
 2239.jpg , 1 
 2240.jpg , 1 
 2241.jpg , 1 
 2242.jpg , 1 
 2243.jpg , 1 
 2244.jpg , 1 
 2245.jpg , 1 
 2246.jpg , 1 
 2247.jpg , 1 
 2248.jpg , 1 
 2249.jpg , 1 
 2250.jpg , 1 
 2251.jpg , 1 
 2252.jpg , 1 
 2253.jpg , 1 
 2254.jpg , 1 
 2255.jpg , 1 
 2256.jpg , 1 
 2257.jpg , 1 
 2258.jpg , 1 
 2259.jpg , 1 
 2260.jpg , 1 
 2261.jpg , 1 
 2262.jpg , 1 
 2263.jpg , 1 
 2264.jpg , 1 
 2265.jpg , 1 
 2266.jpg , 1 
 2267.jpg , 1 
 2268.jpg , 1 
 2269.jpg , 1 
 2270.jpg , 1 
 2271.jpg , 1 
 2272.jpg , 1 
 2273.jpg , 1 
 2274.jpg , 1 
 2275.jpg , 1 
 2276.jpg , 1 
 2277.jpg , 1 
 2278.jpg , 1 
 2279.jpg , 1 
 2280.jpg , 1 
 2281.jpg , 1 
 2282.jpg , 1 
 2283.jpg , 1 
 2284.jpg , 1 
 2285.jpg , 1 
 2286.jpg , 1 
 2287.jpg , 1 
 2288.jpg , 1 
 2289.jpg , 1 
 2290.jpg , 1 
 2291.jpg , 1 
 2292.jpg , 1 
 2293.jpg , 1 
 2294.jpg , 1 
 2295.jpg , 1 
 2296.jpg , 1 
 2297.jpg , 1 
 2298.jpg , 1 
 2299.jpg , 1 
 2300.jpg , 1 
 2301.jpg , 1 
 2302.jpg , 1 
 2303.jpg , 1 
 2304.jpg , 1 
 2305.jpg , 1 
 2306.jpg , 1 
 2307.jpg , 1 
 2308.jpg , 1 
 2309.jpg , 1 
 2310.jpg , 1 
 2311.jpg , 1 
 2312.jpg , 1 
 2313.jpg , 1 
 2314.jpg , 1 
 2315.jpg , 1 
 2316.jpg , 1 
 2317.jpg , 1 
 2318.jpg , 1 
 2319.jpg , 1 
 2320.jpg , 1 
 2321.jpg , 1 
 2322.jpg , 1 
 2323.jpg , 1 
 2324.jpg , 1 
 2325.jpg , 1 
 2326.jpg , 1 
 2327.jpg , 1 
 2328.jpg , 1 
 2329.jpg , 1 
 2330.jpg , 1 
 2331.jpg , 1 
 2332.jpg , 1 
 2333.jpg , 1 
 2334.jpg , 1 
 2335.jpg , 1 
 2336.jpg , 1 
 2337.jpg , 1 
 2338.jpg , 1 
 2339.jpg , 1 
 2340.jpg , 1 
 2341.jpg , 1 
 2342.jpg , 1 
 2343.jpg , 1 
 2344.jpg , 1 
 2345.jpg , 1 
 2346.jpg , 1 
 2347.jpg , 1 
 2348.jpg , 1 
 2349.jpg , 1 
 2350.jpg , 1 
 2351.jpg , 1 
 2352.jpg , 1 
 2353.jpg , 1 
 2354.jpg , 1 
 2355.jpg , 1 
 2356.jpg , 1 
 2357.jpg , 1 
 2358.jpg , 1 
 2359.jpg , 1 
 2360.jpg , 1 
 2361.jpg , 1 
 2362.jpg , 1 
 2363.jpg , 1 
 2364.jpg , 1 
 2365.jpg , 1 
 2366.jpg , 1 
 2367.jpg , 1 
 2368.jpg , 1 
 2369.jpg , 1 
 2370.jpg , 1 
 2371.jpg , 1 
 2372.jpg , 1 
 2373.jpg , 1 
 2374.jpg , 1 
 2375.jpg , 1 
 2376.jpg , 1 
 2377.jpg , 1 
 2378.jpg , 1 
 2379.jpg , 1 
 2380.jpg , 1 
 2381.jpg , 1 
 2382.jpg , 1 
 2383.jpg , 1 
 2384.jpg , 1 
 2385.jpg , 1 
 2386.jpg , 1 
 2387.jpg , 1 
 2388.jpg , 1 
 2389.jpg , 1 
 2390.jpg , 1 
 2391.jpg , 1 
 2392.jpg , 1 
 2393.jpg , 1 
 2394.jpg , 1 
 2395.jpg , 1 
 2396.jpg , 1 
 2397.jpg , 1 
 2398.jpg , 1 
 2399.jpg , 1 
 2400.jpg , 1 
 2401.jpg , 1 
 2402.jpg , 1 
 2403.jpg , 1 
 2404.jpg , 1 
 2405.jpg , 1 
 2406.jpg , 1 
 2407.jpg , 1 
 2408.jpg , 1 
 2409.jpg , 1 
 2410.jpg , 1 
 2411.jpg , 1 
 2412.jpg , 1 
 2413.jpg , 1 
 2414.jpg , 1 
 2415.jpg , 1 
 2416.jpg , 1 
 2417.jpg , 1 
 2418.jpg , 1 
 2419.jpg , 1 
 2420.jpg , 1 
 2421.jpg , 1 
 2422.jpg , 1 
 2423.jpg , 1 
 2424.jpg , 1 
 2425.jpg , 1 
 2426.jpg , 1 
 2427.jpg , 1 
 2428.jpg , 1 
 2429.jpg , 1 
 2430.jpg , 1 
 2431.jpg , 1 
 2432.jpg , 1 
 2433.jpg , 1 
 2434.jpg , 1 
 2435.jpg , 1 
 2436.jpg , 1 
 2437.jpg , 1 
 2438.jpg , 1 
 2439.jpg , 1 
 2440.jpg , 1 
 2441.jpg , 1 
 2442.jpg , 1 
 2443.jpg , 1 
 2444.jpg , 1 
 2445.jpg , 1 
 2446.jpg , 1 
 2447.jpg , 1 
 2448.jpg , 1 
 2449.jpg , 1 
 2450.jpg , 1 
 2451.jpg , 1 
 2452.jpg , 1 
 2453.jpg , 1 
 2454.jpg , 1 
 2455.jpg , 1 
 2456.jpg , 1 
 2457.jpg , 1 
 2458.jpg , 1 
 2459.jpg , 1 
 2460.jpg , 1 
 2461.jpg , 1 
 2462.jpg , 1 
 2463.jpg , 1 
 2464.jpg , 1 
 2465.jpg , 1 
 2466.jpg , 1 
 2467.jpg , 1 
 2468.jpg , 1 
 2469.jpg , 1 
 2470.jpg , 1 
 2471.jpg , 1 
 2472.jpg , 1 
 2473.jpg , 1 
 2474.jpg , 1 
 2475.jpg , 1 
 2476.jpg , 1 
 2477.jpg , 1 
 2478.jpg , 1 
 2479.jpg , 1 
 2480.jpg , 1 
 2481.jpg , 1 
 2482.jpg , 1 
 2483.jpg , 1 
 2484.jpg , 1 
 2485.jpg , 1 
 2486.jpg , 1 
 2487.jpg , 1 
 2488.jpg , 1 
 2489.jpg , 1 
 2490.jpg , 1 
 2491.jpg , 1 
 2492.jpg , 1 
 2493.jpg , 1 
 2494.jpg , 1 
 2495.jpg , 1 
 2496.jpg , 1 
 2497.jpg , 1 
 2498.jpg , 1 
 2499.jpg , 1 
 2500.jpg , 1 
 2501.jpg , 1 
 2502.jpg , 1 
 2503.jpg , 1 
 2504.jpg , 1 
 2505.jpg , 1 
 2506.jpg , 1 
 2507.jpg , 1 
 2508.jpg , 1 
 2509.jpg , 1 
 2510.jpg , 1 
 2511.jpg , 1 
 2512.jpg , 1 
 2513.jpg , 1 
 2514.jpg , 1 
 2515.jpg , 1 
 2516.jpg , 1 
 2517.jpg , 1 
 2518.jpg , 1 
 2519.jpg , 1 
 2520.jpg , 1 
 2521.jpg , 1 
 2522.jpg , 1 
 2523.jpg , 1 
 2524.jpg , 1 
 2525.jpg , 1 
 2526.jpg , 1 
 2527.jpg , 1 
 2528.jpg , 1 
 2529.jpg , 1 
 2530.jpg , 1 
 2531.jpg , 1 
 2532.jpg , 1 
 2533.jpg , 1 
 2534.jpg , 1 
 2535.jpg , 1 
 2536.jpg , 1 
 2537.jpg , 1 
 2538.jpg , 1 
 2539.jpg , 1 
 2540.jpg , 1 
 2541.jpg , 1 
 2542.jpg , 1 
 2543.jpg , 1 
 2544.jpg , 1 
 2545.jpg , 1 
 2546.jpg , 1 
 2547.jpg , 1 
 2548.jpg , 1 
 2549.jpg , 1 
 2550.jpg , 1 
 2551.jpg , 1 
 2552.jpg , 1 
 2553.jpg , 1 
 2554.jpg , 1 
 2555.jpg , 1 
 2556.jpg , 1 
 2557.jpg , 1 
 2558.jpg , 1 
 2559.jpg , 1 
 2560.jpg , 1 
 2561.jpg , 1 
 2562.jpg , 1 
 2563.jpg , 1 
 2564.jpg , 1 
 2565.jpg , 1 
 2566.jpg , 1 
 2567.jpg , 1 
 2568.jpg , 1 
 2569.jpg , 1 
 2570.jpg , 1 
 2571.jpg , 1 
 2572.jpg , 1 
 2573.jpg , 1 
 2574.jpg , 1 
 2575.jpg , 1 
 2576.jpg , 1 
 2577.jpg , 1 
 2578.jpg , 1 
 2579.jpg , 1 
 2580.jpg , 1 
 2581.jpg , 1 
 2582.jpg , 1 
 2583.jpg , 1 
 2584.jpg , 1 
 2585.jpg , 1 
 2586.jpg , 1 
 2587.jpg , 1 
 2588.jpg , 1 
 2589.jpg , 1 
 2590.jpg , 1 
 2591.jpg , 1 
 2592.jpg , 1 
 2593.jpg , 1 
 2594.jpg , 1 
 2595.jpg , 1 
 2596.jpg , 1 
 2597.jpg , 1 
 2598.jpg , 1 
 2599.jpg , 1 
 2600.jpg , 1 
 2601.jpg , 1 
 2602.jpg , 1 
 2603.jpg , 1 
 2604.jpg , 1 
 2605.jpg , 1 
 2606.jpg , 1 
 2607.jpg , 1 
 2608.jpg , 1 
 2609.jpg , 1 
 2610.jpg , 1 
 2611.jpg , 1 
 2612.jpg , 1 
 2613.jpg , 1 
 2614.jpg , 1 
 2615.jpg , 1 
 2616.jpg , 1 
 2617.jpg , 1 
 2618.jpg , 0 
 2619.jpg , 0 
 2620.jpg , 0 
 2621.jpg , 0 
 2622.jpg , 0 
 2623.jpg , 0 
 2624.jpg , 0 
 2625.jpg , 0 
 2626.jpg , 0 
 2627.jpg , 0 
 2628.jpg , 0 
 2629.jpg , 0 
 2630.jpg , 0 
 2631.jpg , 0 
 2632.jpg , 0 
 2633.jpg , 0 
 2634.jpg , 0 
 2635.jpg , 0 
 2636.jpg , 0 
 2637.jpg , 0 
 2638.jpg , 0 
 2639.jpg , 0 
 2640.jpg , 0 
 2641.jpg , 0 
 2642.jpg , 0 
 2643.jpg , 0 
 2644.jpg , 0 
 2645.jpg , 0 
 2646.jpg , 0 
 2647.jpg , 0 
 2648.jpg , 0 
 2649.jpg , 0 
 2650.jpg , 0 
 2651.jpg , 0 
 2652.jpg , 0 
 2653.jpg , 0 
 2654.jpg , 0 
 2655.jpg , 0 
 2656.jpg , 0 
 2657.jpg , 0 
 2658.jpg , 0 
 2659.jpg , 0 
 2660.jpg , 0 
 2661.jpg , 0 
 2662.jpg , 0 
 2663.jpg , 0 
 2664.jpg , 0 
 2665.jpg , 0 
 2666.jpg , 0 
 2667.jpg , 0 
 2668.jpg , 0 
 2669.jpg , 0 
 2670.jpg , 0 
 2671.jpg , 0 
 2672.jpg , 0 
 2673.jpg , 0 
 2674.jpg , 0 
 2675.jpg , 0 
 2676.jpg , 0 
 2677.jpg , 0 
 2678.jpg , 0 
 2679.jpg , 0 
 2680.jpg , 0 
 2681.jpg , 0 
 2682.jpg , 0 
 2683.jpg , 0 
 2684.jpg , 0 
 2685.jpg , 0 
 2686.jpg , 0 
 2687.jpg , 0 
 2688.jpg , 0 
 2689.jpg , 0 
 2690.jpg , 0 
 2691.jpg , 0 
 2692.jpg , 0 
 2693.jpg , 0 
 2694.jpg , 0 
 2695.jpg , 0 
 2696.jpg , 0 
 2697.jpg , 0 
 2698.jpg , 0 
 2699.jpg , 0 
 2700.jpg , 0 
 2701.jpg , 0 
 2702.jpg , 0 
 2703.jpg , 0 
 2704.jpg , 0 
 2705.jpg , 0 
 2706.jpg , 0 
 2707.jpg , 0 
 2708.jpg , 0 
 2709.jpg , 0 
 2710.jpg , 0 
 2711.jpg , 0 
 2712.jpg , 0 
 2713.jpg , 0 
 2714.jpg , 0 
 2715.jpg , 0 
 2716.jpg , 0 
 2717.jpg , 0 
 2718.jpg , 0 
 2719.jpg , 0 
 2720.jpg , 0 
 2721.jpg , 0 
 2722.jpg , 0 
 2723.jpg , 0 
 2724.jpg , 0 
 2725.jpg , 0 
 2726.jpg , 0 
 2727.jpg , 0 
 2728.jpg , 0 
 2729.jpg , 0 
 2730.jpg , 0 
 2731.jpg , 0 
 2732.jpg , 0 
 2733.jpg , 0 
 2734.jpg , 0 
 2735.jpg , 0 
 2736.jpg , 0 
 2737.jpg , 0 
 2738.jpg , 0 
 2739.jpg , 0 
 2740.jpg , 0 
 2741.jpg , 0 
 2742.jpg , 0 
 2743.jpg , 0 
 2744.jpg , 0 
 2745.jpg , 0 
 2746.jpg , 0 
 2747.jpg , 0 
 2748.jpg , 0 
 2749.jpg , 0 
 2750.jpg , 0 
 2751.jpg , 0 
 2752.jpg , 0 
 2753.jpg , 0 
 2754.jpg , 0 
 2755.jpg , 0 
 2756.jpg , 0 
 2757.jpg , 0 
 2758.jpg , 0 
 2759.jpg , 0 
 2760.jpg , 0 
 2761.jpg , 0 
 2762.jpg , 0 
 2763.jpg , 0 
 2764.jpg , 0 
 2765.jpg , 0 
 2766.jpg , 0 
 2767.jpg , 0 
 2768.jpg , 0 
 2769.jpg , 0 
 2770.jpg , 0 
 2771.jpg , 0 
 2772.jpg , 0 
 2773.jpg , 0 
 2774.jpg , 0 
 2775.jpg , 0 
 2776.jpg , 0 
 2777.jpg , 0 
 2778.jpg , 0 
 2779.jpg , 0 
 2780.jpg , 0 
 2781.jpg , 0 
 2782.jpg , 0 
 2783.jpg , 0 
 2784.jpg , 0 
 2785.jpg , 0 
 2786.jpg , 0 
 2787.jpg , 0 
 2788.jpg , 0 
 2789.jpg , 0 
 2790.jpg , 0 
 2791.jpg , 0 
 2792.jpg , 0 
 2793.jpg , 0 
 2794.jpg , 0 
 2795.jpg , 0 
 2796.jpg , 0 
 2797.jpg , 0 
 2798.jpg , 0 
 2799.jpg , 0 
 2800.jpg , 0 
 2801.jpg , 0 
 2802.jpg , 0 
 2803.jpg , 0 
 2804.jpg , 0 
 2805.jpg , 0 
 2806.jpg , 0 
 2807.jpg , 0 
 2808.jpg , 0 
 2809.jpg , 0 
 2810.jpg , 0 
 2811.jpg , 0 
 2812.jpg , 0 
 2813.jpg , 0 
 2814.jpg , 0 
 2815.jpg , 0 
 2816.jpg , 0 
 2817.jpg , 0 
 2818.jpg , 0 
 2819.jpg , 0 
 2820.jpg , 0 
 2821.jpg , 0 
 2822.jpg , 0 
 2823.jpg , 0 
 2824.jpg , 0 
 2825.jpg , 0 
 2826.jpg , 0 
 2827.jpg , 0 
 2828.jpg , 0 
 2829.jpg , 0 
 2830.jpg , 0 
 2831.jpg , 0 
 2832.jpg , 0 
 2833.jpg , 0 
 2834.jpg , 0 
 2835.jpg , 0 
 2836.jpg , 0 
 2837.jpg , 0 
 2838.jpg , 0 
 2839.jpg , 0 
 2840.jpg , 0 
 2841.jpg , 0 
 2842.jpg , 0 
 2843.jpg , 0 
 2844.jpg , 0 
 2845.jpg , 0 
 2846.jpg , 0 
 2847.jpg , 0 
 2848.jpg , 0 
 2849.jpg , 0 
 2850.jpg , 0 
 2851.jpg , 0 
 2852.jpg , 0 
 2853.jpg , 0 
 2854.jpg , 0 
 2855.jpg , 0 
 2856.jpg , 0 
 2857.jpg , 0 
 2858.jpg , 0 
 2859.jpg , 0 
 2860.jpg , 0 
 2861.jpg , 0 
 2862.jpg , 0 
 2863.jpg , 0 
 2864.jpg , 0 
 2865.jpg , 0 
 2866.jpg , 0 
 2867.jpg , 0 
 2868.jpg , 0 
 2869.jpg , 0 
 2870.jpg , 0 
 2871.jpg , 0 
 2872.jpg , 0 
 2873.jpg , 0 
 2874.jpg , 0 
 2875.jpg , 0 
 2876.jpg , 0 
 2877.jpg , 0 
 2878.jpg , 0 
 2879.jpg , 0 
 2880.jpg , 0 
 2881.jpg , 0 
 2882.jpg , 0 
 2883.jpg , 0 
 2884.jpg , 0 
 2885.jpg , 0 
 2886.jpg , 0 
 2887.jpg , 0 
 2888.jpg , 0 
 2889.jpg , 0 
 2890.jpg , 0 
 2891.jpg , 0 
 2892.jpg , 0 
 2893.jpg , 0 
 2894.jpg , 0 
 2895.jpg , 0 
 2896.jpg , 0 
 2897.jpg , 0 
 2898.jpg , 0 
 2899.jpg , 0 
 2900.jpg , 0 
 2901.jpg , 0 
 2902.jpg , 0 
 2903.jpg , 0 
 2904.jpg , 0 
 2905.jpg , 0 
 2906.jpg , 0 
 2907.jpg , 0 
 2908.jpg , 0 
 2909.jpg , 0 
 2910.jpg , 0 
 2911.jpg , 0 
 2912.jpg , 0 
 2913.jpg , 0 
 2914.jpg , 0 
 2915.jpg , 0 
 2916.jpg , 0 
 2917.jpg , 0 
 2918.jpg , 0 
 2919.jpg , 0 
 2920.jpg , 0 
 2921.jpg , 0 
 2922.jpg , 0 
 2923.jpg , 0 
 2924.jpg , 0 
 2925.jpg , 0 
 2926.jpg , 0 
 2927.jpg , 0 
 2928.jpg , 0 
 2929.jpg , 0 
 2930.jpg , 0 
 2931.jpg , 0 
 2932.jpg , 0 
 2933.jpg , 0 
 2934.jpg , 0 
 2935.jpg , 0 
 2936.jpg , 0 
 2937.jpg , 0 
 2938.jpg , 0 
 2939.jpg , 0 
 2940.jpg , 0 
 2941.jpg , 0 
 2942.jpg , 0 
 2943.jpg , 0 
 2944.jpg , 0 
 2945.jpg , 0 
 2946.jpg , 0 
 2947.jpg , 0 
 2948.jpg , 0 
 2949.jpg , 0 
 2950.jpg , 0 
 2951.jpg , 0 
 2952.jpg , 0 
 2953.jpg , 0 
 2954.jpg , 0 
 2955.jpg , 0 
 2956.jpg , 0 
 2957.jpg , 0 
 2958.jpg , 0 
 2959.jpg , 0 
 2960.jpg , 0 
 2961.jpg , 0 
 2962.jpg , 0 
 2963.jpg , 0 
 2964.jpg , 0 
 2965.jpg , 0 
 2966.jpg , 0 
 2967.jpg , 0 
 2968.jpg , 0 
 2969.jpg , 0 
 2970.jpg , 0 
 2971.jpg , 0 
 2972.jpg , 0 
 2973.jpg , 0 
 2974.jpg , 0 
 2975.jpg , 0 
 2976.jpg , 0 
 2977.jpg , 0 
 2978.jpg , 0 
 2979.jpg , 0 
 2980.jpg , 0 
 2981.jpg , 0 
 2982.jpg , 0 
 2983.jpg , 0 
 2984.jpg , 0 
 2985.jpg , 0 
 2986.jpg , 0 
 2987.jpg , 0 
 2988.jpg , 0 
 2989.jpg , 0 
 2990.jpg , 0 
 2991.jpg , 0 
 2992.jpg , 0 
 2993.jpg , 0 
 2994.jpg , 0 
 2995.jpg , 0 
 2996.jpg , 0 
 2997.jpg , 0 
 2998.jpg , 0 
 2999.jpg , 0 
 3000.jpg , 0 
 3001.jpg , 0 
 3002.jpg , 0 
 3003.jpg , 0 
 3004.jpg , 0 
 3005.jpg , 0 
 3006.jpg , 0 
 3007.jpg , 0 
 3008.jpg , 0 
 3009.jpg , 0 
 3010.jpg , 0 
 3011.jpg , 0 
 3012.jpg , 0 
 3013.jpg , 0 
 3014.jpg , 0 
 3015.jpg , 0 
 3016.jpg , 0 
 3017.jpg , 0 
 3018.jpg , 0 
 3019.jpg , 0 
 3020.jpg , 0 
 3021.jpg , 0 
 3022.jpg , 0 
 3023.jpg , 0 
 3024.jpg , 0 
 3025.jpg , 0 
 3026.jpg , 0 
 3027.jpg , 0 
 3028.jpg , 0 
 3029.jpg , 0 
 3030.jpg , 0 
 3031.jpg , 0 
 3032.jpg , 0 
 3033.jpg , 0 
 3034.jpg , 0 
 3035.jpg , 0 
 3036.jpg , 0 
 3037.jpg , 0 
 3038.jpg , 0 
 3039.jpg , 0 
 3040.jpg , 0 
 3041.jpg , 0 
 3042.jpg , 0 
 3043.jpg , 0 
 3044.jpg , 0 
 3045.jpg , 0 
 3046.jpg , 0 
 3047.jpg , 0 
 3048.jpg , 0 
 3049.jpg , 0 
 3050.jpg , 0 
 3051.jpg , 0 
 3052.jpg , 0 
 3053.jpg , 0 
 3054.jpg , 0 
 3055.jpg , 0 
 3056.jpg , 0 
 3057.jpg , 0 
 3058.jpg , 0 
 3059.jpg , 0 
 3060.jpg , 0 
 3061.jpg , 0 
 3062.jpg , 0 
 3063.jpg , 0 
 3064.jpg , 0 
 3065.jpg , 0 
 3066.jpg , 0 
 3067.jpg , 0 
 3068.jpg , 0 
 3069.jpg , 0 
 3070.jpg , 0 
 3071.jpg , 0 
 3072.jpg , 0 
 3073.jpg , 0 
 3074.jpg , 0 
 3075.jpg , 0 
 3076.jpg , 0 
 3077.jpg , 0 
 3078.jpg , 0 
 3079.jpg , 0 
 3080.jpg , 0 
 3081.jpg , 0 
 3082.jpg , 0 
 3083.jpg , 0 
 3084.jpg , 0 
 3085.jpg , 0 
 3086.jpg , 0 
 3087.jpg , 0 
 3088.jpg , 0 
 3089.jpg , 0 
 3090.jpg , 0 
 3091.jpg , 0 
 3092.jpg , 0 
 3093.jpg , 0 
 3094.jpg , 0 
 3095.jpg , 0 
 3096.jpg , 0 
 3097.jpg , 0 
 3098.jpg , 0 
 3099.jpg , 0 
 3100.jpg , 0 
 3101.jpg , 0 
 3102.jpg , 0 
 3103.jpg , 0 
 3104.jpg , 0 
 3105.jpg , 0 
 3106.jpg , 0 
 3107.jpg , 0 
 3108.jpg , 0 
 3109.jpg , 0 
 3110.jpg , 0 
 3111.jpg , 0 
 3112.jpg , 0 
 3113.jpg , 0 
 3114.jpg , 0 
 3115.jpg , 0 
 3116.jpg , 0 
 3117.jpg , 0 
 3118.jpg , 0 
 3119.jpg , 0 
 3120.jpg , 0 
 3121.jpg , 0 
 3122.jpg , 0 
 3123.jpg , 0 
 3124.jpg , 0 
 3125.jpg , 0 
 3126.jpg , 0 
 3127.jpg , 0 
 3128.jpg , 0 
 3129.jpg , 0 
 3130.jpg , 0 
 3131.jpg , 0 
 3132.jpg , 0 
 3133.jpg , 0 
 3134.jpg , 0 
 3135.jpg , 0 
 3136.jpg , 0 
 3137.jpg , 0 
 3138.jpg , 0 
 3139.jpg , 0 
 3140.jpg , 0 
 3141.jpg , 0 
 3142.jpg , 0 
 3143.jpg , 0 
 3144.jpg , 0 
 3145.jpg , 0 
 3146.jpg , 0 
 3147.jpg , 0 
 3148.jpg , 0 
 3149.jpg , 0 
 3150.jpg , 0 
 3151.jpg , 0 
 3152.jpg , 0 
 3153.jpg , 0 
 3154.jpg , 0 
 3155.jpg , 0 
 3156.jpg , 0 
 3157.jpg , 0 
 3158.jpg , 0 
 3159.jpg , 0 
 3160.jpg , 0 
 3161.jpg , 0 
 3162.jpg , 0 
 3163.jpg , 0 
 3164.jpg , 0 
 3165.jpg , 0 
 3166.jpg , 0 
 3167.jpg , 0 
 3168.jpg , 0 
 3169.jpg , 0 
 3170.jpg , 0 
 3171.jpg , 0 
 3172.jpg , 0 
 3173.jpg , 0 
 3174.jpg , 0 
 3175.jpg , 0 
 3176.jpg , 0 
 3177.jpg , 0 
 3178.jpg , 0 
 3179.jpg , 0 
 3180.jpg , 0 
 3181.jpg , 0 
 3182.jpg , 0 
 3183.jpg , 0 
 3184.jpg , 0 
 3185.jpg , 0 
 3186.jpg , 0 
 3187.jpg , 0 
 3188.jpg , 0 
 3189.jpg , 0 
 3190.jpg , 0 
 3191.jpg , 0 
 3192.jpg , 0 
 3193.jpg , 0 
 3194.jpg , 0 
 3195.jpg , 0 
 3196.jpg , 0 
 3197.jpg , 0 
 3198.jpg , 0 
 3199.jpg , 0 
 3200.jpg , 0 
 3201.jpg , 0 
 3202.jpg , 0 
 3203.jpg , 0 
 3204.jpg , 0 
 3205.jpg , 0 
 3206.jpg , 0 
 3207.jpg , 0 
 3208.jpg , 0 
 3209.jpg , 0 
 3210.jpg , 0 
 3211.jpg , 0 
 3212.jpg , 0 
 3213.jpg , 0 
 3214.jpg , 0 
 3215.jpg , 0 
 3216.jpg , 0 
 3217.jpg , 0 
 3218.jpg , 0 
 3219.jpg , 0 
 3220.jpg , 0 
 3221.jpg , 0 
 3222.jpg , 0 
 3223.jpg , 0 
 3224.jpg , 0 
 3225.jpg , 0 
 3226.jpg , 0 
 3227.jpg , 0 
 3228.jpg , 0 
 3229.jpg , 0 
 3230.jpg , 0 
 3231.jpg , 0 
 3232.jpg , 0 
 3233.jpg , 0 
 3234.jpg , 0 
 3235.jpg , 0 
 3236.jpg , 0 
 3237.jpg , 0 
 3238.jpg , 0 
 3239.jpg , 0 
 3240.jpg , 0 
 3241.jpg , 0 
 3242.jpg , 0 
 3243.jpg , 0 
 3244.jpg , 0 
 3245.jpg , 0 
 3246.jpg , 0 
 3247.jpg , 0 
 3248.jpg , 0 
 3249.jpg , 0 
 3250.jpg , 0 
 3251.jpg , 0 
 3252.jpg , 0 
 3253.jpg , 0 
 3254.jpg , 0 
 3255.jpg , 0 
 3256.jpg , 0 
 3257.jpg , 0 
 3258.jpg , 0 
 3259.jpg , 0 
 3260.jpg , 0 
 3261.jpg , 0 
 3262.jpg , 0 
 3263.jpg , 0 
 3264.jpg , 0 
 3265.jpg , 0 
 3266.jpg , 0 
 3267.jpg , 0 
 3268.jpg , 0 
 3269.jpg , 0 
 3270.jpg , 0 
 3271.jpg , 0 
 3272.jpg , 0 
 3273.jpg , 0 
 3274.jpg , 0 
 3275.jpg , 0 
 3276.jpg , 0 
 3277.jpg , 0 
 3278.jpg , 0 
 3279.jpg , 0 
 3280.jpg , 0 
 3281.jpg , 0 
 3282.jpg , 0 
 3283.jpg , 0 
 3284.jpg , 0 
 3285.jpg , 0 
 3286.jpg , 0 
 3287.jpg , 0 
 3288.jpg , 0 
 3289.jpg , 0 
 3290.jpg , 0 
 3291.jpg , 0 
 3292.jpg , 0 
 3293.jpg , 0 
 3294.jpg , 0 
 3295.jpg , 0 
 3296.jpg , 0 
 3297.jpg , 0 
 3298.jpg , 0 
 3299.jpg , 0 
 3300.jpg , 0 
 3301.jpg , 0 
 3302.jpg , 0 
 3303.jpg , 0 
 3304.jpg , 0 
 3305.jpg , 0 
 3306.jpg , 0 
 3307.jpg , 0 
 3308.jpg , 0 
 3309.jpg , 0 
 3310.jpg , 0 
 3311.jpg , 0 
 3312.jpg , 0 
 3313.jpg , 0 
 3314.jpg , 0 
 3315.jpg , 0 
 3316.jpg , 0 
 3317.jpg , 0 
 3318.jpg , 0 
 3319.jpg , 0 
 3320.jpg , 0 
 3321.jpg , 0 
 3322.jpg , 0 
 3323.jpg , 0 
 3324.jpg , 0 
 3325.jpg , 0 
 3326.jpg , 0 
 3327.jpg , 0 
 3328.jpg , 0 
 3329.jpg , 0 
 3330.jpg , 0 
 3331.jpg , 0 
 3332.jpg , 0 
 3333.jpg , 0 
 3334.jpg , 0 
 3335.jpg , 0 
 3336.jpg , 0 
 3337.jpg , 0 
 3338.jpg , 0 
 3339.jpg , 0 
 3340.jpg , 0 
 3341.jpg , 0 
 3342.jpg , 0 
 3343.jpg , 0 
 3344.jpg , 0 
 3345.jpg , 0 
 3346.jpg , 0 
 3347.jpg , 0 
 3348.jpg , 0 
 3349.jpg , 0 
 3350.jpg , 0 
 3351.jpg , 0 
 3352.jpg , 0 
 3353.jpg , 0 
 3354.jpg , 0 
 3355.jpg , 0 
 3356.jpg , 0 
 3357.jpg , 0 
 3358.jpg , 0 
 3359.jpg , 0 
 3360.jpg , 0 
 3361.jpg , 0 
 3362.jpg , 0 
 3363.jpg , 0 
 3364.jpg , 0 
 3365.jpg , 0 
 3366.jpg , 0 
 3367.jpg , 0 
 3368.jpg , 0 
 3369.jpg , 0 
 3370.jpg , 0 
 3371.jpg , 0 
 3372.jpg , 0 
 3373.jpg , 0 
 3374.jpg , 0 
 3375.jpg , 0 
 3376.jpg , 0 
 3377.jpg , 0 
 3378.jpg , 0 
 3379.jpg , 0 
 3380.jpg , 0 
 3381.jpg , 0 
 3382.jpg , 0 
 3383.jpg , 0 
 3384.jpg , 0 
 3385.jpg , 0 
 3386.jpg , 0 
 3387.jpg , 0 
 3388.jpg , 0 
 3389.jpg , 0 
 3390.jpg , 0 
 3391.jpg , 0 
 3392.jpg , 0 
 3393.jpg , 0 
 3394.jpg , 0 
 3395.jpg , 0 
 3396.jpg , 0 
 3397.jpg , 0 
 3398.jpg , 0 
 3399.jpg , 0 
 3400.jpg , 0 
 3401.jpg , 0 
 3402.jpg , 0 
 3403.jpg , 0 
 3404.jpg , 0 
 3405.jpg , 0 
 3406.jpg , 0 
 3407.jpg , 0 
 3408.jpg , 0 
 3409.jpg , 0 
 3410.jpg , 0 
 3411.jpg , 0 
 3412.jpg , 0 
 3413.jpg , 0 
 3414.jpg , 0 
 3415.jpg , 0 
 3416.jpg , 0 
 3417.jpg , 0 
 3418.jpg , 0 
 3419.jpg , 0 
 3420.jpg , 0 
 3421.jpg , 0 
 3422.jpg , 0 
 3423.jpg , 0 
 3424.jpg , 0 
 3425.jpg , 0 
 3426.jpg , 0 
 3427.jpg , 0 
 3428.jpg , 0 
 3429.jpg , 0 
 3430.jpg , 0 
 3431.jpg , 0 
 3432.jpg , 0 
 3433.jpg , 0 
 3434.jpg , 0 
 3435.jpg , 0 
 3436.jpg , 0 
 3437.jpg , 0 
 3438.jpg , 0 
 3439.jpg , 0 
 3440.jpg , 0 
 3441.jpg , 0 
 3442.jpg , 0 
 3443.jpg , 0 
 3444.jpg , 0 
 3445.jpg , 0 
 3446.jpg , 0 
 3447.jpg , 0 
 3448.jpg , 0 
 3449.jpg , 0 
 3450.jpg , 0 
 3451.jpg , 0 
 3452.jpg , 0 
 3453.jpg , 0 
 3454.jpg , 0 
 3455.jpg , 0 
 3456.jpg , 0 
 3457.jpg , 0 
 3458.jpg , 0 
 3459.jpg , 0 
 3460.jpg , 0 
 3461.jpg , 0 
 3462.jpg , 0 
 3463.jpg , 0 
 3464.jpg , 0 
 3465.jpg , 0 
 3466.jpg , 0 
 3467.jpg , 0 
 3468.jpg , 0 
 3469.jpg , 0 
 3470.jpg , 0 
 3471.jpg , 0 
 3472.jpg , 0 
 3473.jpg , 0 
 3474.jpg , 0 
 3475.jpg , 0 
 3476.jpg , 0 
 3477.jpg , 0 
 3478.jpg , 0 
 3479.jpg , 0 
 3480.jpg , 0 
 3481.jpg , 0 
 3482.jpg , 0 
 3483.jpg , 0 
 3484.jpg , 0 
 3485.jpg , 0 
 3486.jpg , 0 
 3487.jpg , 0 
 3488.jpg , 0 
 3489.jpg , 0 
 3490.jpg , 0 
 3491.jpg , 0 
 3492.jpg , 0 
 3493.jpg , 0 
 3494.jpg , 0 
 3495.jpg , 0 
 3496.jpg , 0 
 3497.jpg , 0 
 3498.jpg , 0 
 3499.jpg , 0 
 3500.jpg , 0 
 3501.jpg , 0 
 3502.jpg , 0 
 3503.jpg , 0 
 3504.jpg , 0 
 3505.jpg , 0 
 3506.jpg , 0 
 3507.jpg , 0 
 3508.jpg , 0 
 3509.jpg , 0 
 3510.jpg , 0 
 3511.jpg , 0 
 3512.jpg , 0 
 3513.jpg , 0 
 3514.jpg , 0 
 3515.jpg , 0 
 3516.jpg , 0 
 3517.jpg , 0 
 3518.jpg , 0 
 3519.jpg , 0 
 3520.jpg , 0 
 3521.jpg , 0 
 3522.jpg , 0 
 3523.jpg , 0 
 3524.jpg , 0 
 3525.jpg , 0 
 3526.jpg , 0 
 3527.jpg , 0 
 3528.jpg , 0 
 3529.jpg , 0 
 3530.jpg , 0 
 3531.jpg , 0 
 3532.jpg , 0 
 3533.jpg , 0 
 3534.jpg , 0 
 3535.jpg , 0 
 3536.jpg , 0 
 3537.jpg , 0 
 3538.jpg , 0 
 3539.jpg , 0 
 3540.jpg , 0 
 3541.jpg , 0 
 3542.jpg , 0 
 3543.jpg , 0 
 3544.jpg , 0 
 3545.jpg , 0 
 3546.jpg , 0 
 3547.jpg , 0 
 3548.jpg , 0 
 3549.jpg , 0 
 3550.jpg , 0 
 3551.jpg , 0 
 3552.jpg , 0 
 3553.jpg , 0 
 3554.jpg , 0 
 3555.jpg , 0 
 3556.jpg , 0 
 3557.jpg , 0 
 3558.jpg , 0 
 3559.jpg , 0 
 3560.jpg , 0 
 3561.jpg , 0 
 3562.jpg , 0 
 3563.jpg , 0 
 3564.jpg , 0 
 3565.jpg , 0 
 3566.jpg , 0 
 3567.jpg , 0 
 3568.jpg , 0 
 3569.jpg , 0 
 3570.jpg , 0 
 3571.jpg , 0 
 3572.jpg , 0 
 3573.jpg , 0 
 3574.jpg , 0 
 3575.jpg , 0 
 3576.jpg , 0 
 3577.jpg , 0 
 3578.jpg , 0 
 3579.jpg , 0 
 3580.jpg , 0 
 3581.jpg , 0 
 3582.jpg , 0 
 3583.jpg , 0 
 3584.jpg , 0 
 3585.jpg , 0 
 3586.jpg , 0 
 3587.jpg , 0 
 3588.jpg , 0 
 3589.jpg , 0 
 3590.jpg , 0 
 3591.jpg , 0 
 3592.jpg , 0 
 3593.jpg , 0 
 3594.jpg , 0 
 3595.jpg , 0 
 3596.jpg , 0 
 3597.jpg , 0 
 3598.jpg , 0 
 3599.jpg , 0 
 3600.jpg , 0 
 3601.jpg , 0 
 3602.jpg , 0 
 3603.jpg , 0 
 3604.jpg , 0 
 3605.jpg , 0 
 3606.jpg , 0 
 3607.jpg , 0 
 3608.jpg , 0 
 3609.jpg , 0 
 3610.jpg , 0 
 3611.jpg , 0 
 3612.jpg , 0 
 3613.jpg , 0 
 3614.jpg , 0 
 3615.jpg , 0 
 3616.jpg , 0 
 3617.jpg , 0 
 3618.jpg , 0 
 3619.jpg , 0 
 3620.jpg , 0 
 3621.jpg , 0 
 3622.jpg , 0 
 3623.jpg , 0 
 3624.jpg , 0 
 3625.jpg , 0 
 3626.jpg , 0 
 3627.jpg , 0 
 3628.jpg , 0 
 3629.jpg , 0 
 3630.jpg , 0 
 3631.jpg , 0 
 3632.jpg , 0 
 3633.jpg , 0 
 3634.jpg , 0 
 3635.jpg , 0 
 3636.jpg , 0 
 3637.jpg , 0 
 3638.jpg , 0 
 3639.jpg , 0 
 3640.jpg , 0 
 3641.jpg , 0 
 3642.jpg , 0 
 3643.jpg , 0 
 3644.jpg , 0 
 3645.jpg , 0 
 3646.jpg , 0 
 3647.jpg , 0 
 3648.jpg , 0 
 3649.jpg , 0 
 3650.jpg , 0 
 3651.jpg , 0 
 3652.jpg , 0 
 3653.jpg , 0 
 3654.jpg , 0 
 3655.jpg , 0 
 3656.jpg , 0 
 3657.jpg , 0 
 3658.jpg , 0 
 3659.jpg , 0 
 3660.jpg , 0 
 3661.jpg , 0 
 3662.jpg , 0 
 3663.jpg , 0 
 3664.jpg , 0 
 3665.jpg , 0 
 3666.jpg , 0 
 3667.jpg , 0 
 3668.jpg , 0 
 3669.jpg , 0 
 3670.jpg , 0 
 3671.jpg , 0 
 3672.jpg , 0 
 3673.jpg , 0 
 3674.jpg , 0 
 3675.jpg , 0 
 3676.jpg , 0 
 3677.jpg , 0 
 3678.jpg , 0 
 3679.jpg , 0 
 3680.jpg , 0 
 3681.jpg , 0 
 3682.jpg , 0 
 3683.jpg , 0 
 3684.jpg , 0 
 3685.jpg , 0 
 3686.jpg , 0 
 3687.jpg , 0 
 3688.jpg , 0 
 3689.jpg , 0 
 3690.jpg , 0 
 3691.jpg , 0 
 3692.jpg , 0 
 3693.jpg , 0 
 3694.jpg , 0 
 3695.jpg , 0 
 3696.jpg , 0 
 3697.jpg , 0 
 3698.jpg , 0 
 3699.jpg , 0 
 3700.jpg , 0 
 3701.jpg , 0 
 3702.jpg , 0 
 3703.jpg , 0 
 3704.jpg , 0 
 3705.jpg , 0 
 3706.jpg , 0 
 3707.jpg , 0 
 3708.jpg , 0 
 3709.jpg , 0 
 3710.jpg , 0 
 3711.jpg , 0 
 3712.jpg , 0 
 3713.jpg , 0 
 3714.jpg , 0 
 3715.jpg , 0 
 3716.jpg , 0 
 3717.jpg , 0 
 3718.jpg , 0 
 3719.jpg , 0 
 3720.jpg , 0 
 3721.jpg , 0 
 3722.jpg , 0 
 3723.jpg , 0 
 3724.jpg , 0 
 3725.jpg , 0 
 3726.jpg , 0 
 3727.jpg , 0 
 3728.jpg , 0 
 3729.jpg , 0 
 3730.jpg , 0 
 3731.jpg , 0 
 3732.jpg , 0 
 3733.jpg , 0 
 3734.jpg , 0 
 3735.jpg , 0 
 3736.jpg , 0 
 3737.jpg , 0 
 3738.jpg , 0 
 3739.jpg , 0 
 3740.jpg , 0 
 3741.jpg , 0 
 3742.jpg , 0 
 3743.jpg , 0 
 3744.jpg , 0 
 3745.jpg , 0 
 3746.jpg , 0 
 3747.jpg , 0 
 3748.jpg , 0 
 3749.jpg , 0 
 3750.jpg , 0 
 3751.jpg , 0 
 3752.jpg , 0 
 3753.jpg , 0 
 3754.jpg , 0 
 3755.jpg , 0 
 3756.jpg , 0 
 3757.jpg , 0 
 3758.jpg , 0 
 3759.jpg , 0 
 3760.jpg , 0 
 3761.jpg , 0 
 3762.jpg , 0 
 3763.jpg , 0 
 3764.jpg , 0 
 3765.jpg , 0 
 3766.jpg , 0 
 3767.jpg , 0 
 3768.jpg , 0 
 3769.jpg , 0 
 3770.jpg , 0 
 3771.jpg , 0 
 3772.jpg , 0 
 3773.jpg , 0 
 3774.jpg , 0 
 3775.jpg , 0 
 3776.jpg , 0 
 3777.jpg , 0 
 3778.jpg , 0 
 3779.jpg , 0 
 3780.jpg , 0 
 3781.jpg , 0 
 3782.jpg , 0 
 3783.jpg , 0 
 3784.jpg , 0 
 3785.jpg , 0 
 3786.jpg , 0 
 3787.jpg , 0 
 3788.jpg , 0 
 3789.jpg , 0 
 3790.jpg , 0 
 3791.jpg , 0 
 3792.jpg , 0 
 3793.jpg , 0 
 3794.jpg , 0 
 3795.jpg , 0 
 3796.jpg , 0 
 3797.jpg , 0 
 3798.jpg , 0 
 3799.jpg , 0 
 3800.jpg , 0 
 3801.jpg , 0 
 3802.jpg , 0 
 3803.jpg , 0 
 3804.jpg , 0 
 3805.jpg , 0 
 3806.jpg , 0 
 3807.jpg , 0 
 3808.jpg , 0 
 3809.jpg , 0 
 3810.jpg , 0 
 3811.jpg , 0 
 3812.jpg , 0 
 3813.jpg , 0 
 3814.jpg , 0 
 3815.jpg , 0 
 3816.jpg , 0 
 3817.jpg , 0 
 3818.jpg , 0 
 3819.jpg , 0 
 3820.jpg , 0 
 3821.jpg , 0 
 3822.jpg , 0 
 3823.jpg , 0 
 3824.jpg , 0 
 3825.jpg , 0 
 3826.jpg , 0 
 3827.jpg , 0 
 3828.jpg , 0 
 3829.jpg , 0 
 3830.jpg , 0 
 3831.jpg , 0 
 3832.jpg , 0 
 3833.jpg , 0 
 3834.jpg , 0 
 3835.jpg , 0 
 3836.jpg , 0 
 3837.jpg , 0 
 3838.jpg , 0 
 3839.jpg , 0 
 3840.jpg , 0 
 3841.jpg , 0 
 3842.jpg , 0 
 3843.jpg , 0 
 3844.jpg , 0 
 3845.jpg , 0 
 3846.jpg , 0 
 3847.jpg , 0 
 3848.jpg , 0 
 3849.jpg , 0 
 3850.jpg , 0 
 3851.jpg , 0 
 3852.jpg , 0 
 3853.jpg , 0 
 3854.jpg , 0 
 3855.jpg , 0 
 3856.jpg , 0 
 3857.jpg , 0 
 3858.jpg , 0 
 3859.jpg , 0 
 3860.jpg , 0 
 3861.jpg , 0 
 3862.jpg , 0 
 3863.jpg , 0 
 3864.jpg , 0 
 3865.jpg , 0 
 3866.jpg , 0 
 3867.jpg , 0 
 3868.jpg , 0 
 3869.jpg , 0 
 3870.jpg , 0 
 3871.jpg , 0 
 3872.jpg , 0 
 3873.jpg , 0 
 3874.jpg , 0 
 3875.jpg , 0 
 3876.jpg , 0 
 3877.jpg , 0 
 3878.jpg , 0 
 3879.jpg , 0 
 3880.jpg , 0 
 3881.jpg , 0 
 3882.jpg , 0 
 3883.jpg , 0 
 3884.jpg , 0 
 3885.jpg , 0 
 3886.jpg , 0 
 3887.jpg , 0 
 3888.jpg , 0 
 3889.jpg , 0 
 3890.jpg , 0 
 3891.jpg , 0 
 3892.jpg , 0 
 3893.jpg , 0 
 3894.jpg , 0 
 3895.jpg , 0 
 3896.jpg , 0 
 3897.jpg , 0 
 3898.jpg , 0 
 3899.jpg , 0 
 3900.jpg , 0 
 3901.jpg , 0 
 3902.jpg , 0 
 3903.jpg , 0 
 3904.jpg , 0 
 3905.jpg , 0 
 3906.jpg , 0 
 3907.jpg , 0 
 3908.jpg , 0 
 3909.jpg , 0 
 3910.jpg , 0 
 3911.jpg , 0 
 3912.jpg , 0 
 3913.jpg , 0 
 3914.jpg , 0 
 3915.jpg , 0 
 3916.jpg , 0 
 3917.jpg , 0 
 3918.jpg , 0 
 3919.jpg , 0 
 3920.jpg , 0 
 3921.jpg , 0 
 3922.jpg , 0 
 3923.jpg , 0 
 3924.jpg , 0 
 3925.jpg , 0 
 3926.jpg , 0 
 3927.jpg , 0 
 3928.jpg , 0 
 3929.jpg , 0 
 3930.jpg , 0 
 3931.jpg , 0 
 3932.jpg , 0 
 3933.jpg , 0 
 3934.jpg , 0 
 3935.jpg , 0 
 3936.jpg , 0 
 3937.jpg , 0 
 3938.jpg , 0 
 3939.jpg , 0 
 3940.jpg , 0 
 3941.jpg , 0 
 3942.jpg , 0 
 3943.jpg , 0 
 3944.jpg , 0 
 3945.jpg , 0 
 3946.jpg , 0 
 3947.jpg , 0 
 3948.jpg , 0 
 3949.jpg , 0 
 3950.jpg , 0 
 3951.jpg , 0 
 3952.jpg , 0 
 3953.jpg , 0 
 3954.jpg , 0 
 3955.jpg , 0 
 3956.jpg , 0 
 3957.jpg , 0 
 3958.jpg , 0 
 3959.jpg , 0 
 3960.jpg , 0 
 3961.jpg , 0 
 3962.jpg , 0 
 3963.jpg , 0 
 3964.jpg , 0 
 3965.jpg , 0 
 3966.jpg , 0 
 3967.jpg , 0 
 3968.jpg , 0 
 3969.jpg , 0 
 3970.jpg , 0 
 3971.jpg , 0 
 3972.jpg , 0 
 3973.jpg , 0 
 3974.jpg , 0 
 3975.jpg , 0 
 3976.jpg , 0 
 3977.jpg , 0 
 3978.jpg , 0 
 3979.jpg , 0 
 3980.jpg , 0 
 3981.jpg , 0 
 3982.jpg , 0 
 3983.jpg , 0 
 3984.jpg , 0 
 3985.jpg , 0 
 3986.jpg , 0 
 3987.jpg , 0 
 3988.jpg , 0 
 3989.jpg , 0 
 3990.jpg , 0 
 3991.jpg , 0 
 3992.jpg , 0 
 3993.jpg , 0 
 3994.jpg , 0 
 3995.jpg , 0 
 3996.jpg , 0 
 3997.jpg , 0 
 3998.jpg , 0 
 3999.jpg , 0 
 4000.jpg , 0 
 4001.jpg , 0 
 4002.jpg , 0 
 4003.jpg , 0 
 4004.jpg , 0 
 4005.jpg , 0 
 4006.jpg , 0 
 4007.jpg , 0 
 4008.jpg , 0 
 4009.jpg , 0 
 4010.jpg , 0 
 4011.jpg , 0 
 4012.jpg , 0 
 4013.jpg , 0 
 4014.jpg , 0 
 4015.jpg , 0 
 4016.jpg , 0 
 4017.jpg , 0 
 4018.jpg , 0 
 4019.jpg , 0 
 4020.jpg , 0 
 4021.jpg , 0 
 4022.jpg , 0 
 4023.jpg , 0 
 4024.jpg , 0 
 4025.jpg , 0 
 4026.jpg , 0 
 4027.jpg , 0 
 4028.jpg , 0 
 4029.jpg , 0 
 4030.jpg , 0 
 4031.jpg , 0 
 4032.jpg , 0 
 4033.jpg , 0 
 4034.jpg , 0 
 4035.jpg , 0 
 4036.jpg , 0 
 4037.jpg , 0 
 4038.jpg , 0 
 4039.jpg , 0 
 4040.jpg , 0 
 4041.jpg , 0 
 4042.jpg , 0 
 4043.jpg , 0 
 4044.jpg , 0 
 4045.jpg , 0 
 4046.jpg , 0 
 4047.jpg , 0 
 4048.jpg , 0 
 4049.jpg , 0 
 4050.jpg , 0 
 4051.jpg , 0 
 4052.jpg , 0 
 4053.jpg , 0 
 4054.jpg , 0 
 4055.jpg , 0 
 4056.jpg , 0 
 4057.jpg , 0 
 4058.jpg , 0 
 4059.jpg , 0 
 4060.jpg , 0 
 4061.jpg , 0 
 4062.jpg , 0 
 4063.jpg , 0 
 4064.jpg , 0 
 4065.jpg , 0 
 4066.jpg , 0 
 4067.jpg , 0 
 4068.jpg , 0 
 4069.jpg , 0 
 4070.jpg , 0 
 4071.jpg , 0 
 4072.jpg , 0 
 4073.jpg , 0 
 4074.jpg , 0 
 4075.jpg , 0 
 4076.jpg , 0 
 4077.jpg , 0 
 4078.jpg , 0 
 4079.jpg , 0 
 4080.jpg , 0 
 4081.jpg , 0 
 4082.jpg , 0 
 4083.jpg , 0 
 4084.jpg , 0 
 4085.jpg , 0 
 4086.jpg , 0 
 4087.jpg , 0 
 4088.jpg , 0 
 4089.jpg , 0 
 4090.jpg , 0 
 4091.jpg , 0 
 4092.jpg , 0 
 4093.jpg , 0 
 4094.jpg , 0 
 4095.jpg , 0 
 4096.jpg , 0 
 4097.jpg , 0 
 4098.jpg , 0 
 4099.jpg , 0 
 4100.jpg , 0 
 4101.jpg , 0 
 4102.jpg , 0 
 4103.jpg , 0 
 4104.jpg , 0 
 4105.jpg , 0 
 4106.jpg , 0 
 4107.jpg , 0 
 4108.jpg , 0 
 4109.jpg , 0 
 4110.jpg , 0 
 4111.jpg , 0 
 4112.jpg , 0 
 4113.jpg , 0 
 4114.jpg , 0 
 4115.jpg , 0 
 4116.jpg , 0 
 4117.jpg , 0 
 4118.jpg , 0 
 4119.jpg , 0 
 4120.jpg , 0 
 4121.jpg , 0 
 4122.jpg , 0 
 4123.jpg , 0 
 4124.jpg , 0 
 4125.jpg , 0 
 4126.jpg , 0 
 4127.jpg , 0 
 4128.jpg , 0 
 4129.jpg , 0 
 4130.jpg , 0 
 4131.jpg , 0 
 4132.jpg , 0 
 4133.jpg , 0 
 4134.jpg , 0 
 4135.jpg , 0 
 4136.jpg , 0 
 4137.jpg , 0 
 4138.jpg , 0 
 4139.jpg , 0 
 4140.jpg , 0 
 4141.jpg , 0 
 4142.jpg , 0 
 4143.jpg , 0 
 4144.jpg , 0 
 4145.jpg , 0 
 4146.jpg , 0 
 4147.jpg , 0 
 4148.jpg , 0 
 4149.jpg , 0 
 4150.jpg , 0 
 4151.jpg , 0 
 4152.jpg , 0 
 4153.jpg , 0 
 4154.jpg , 0 
 4155.jpg , 0 
 4156.jpg , 0 
 4157.jpg , 0 
 4158.jpg , 0 
 4159.jpg , 0 
 4160.jpg , 0 
 4161.jpg , 0 
 4162.jpg , 0 
 4163.jpg , 0 
 4164.jpg , 0 
 4165.jpg , 0 
 4166.jpg , 0 
 4167.jpg , 0 
 4168.jpg , 0 
 4169.jpg , 0 
 4170.jpg , 0 
 4171.jpg , 0 
 4172.jpg , 0 
 4173.jpg , 0 
 4174.jpg , 0 
 4175.jpg , 0 
 4176.jpg , 0 
 4177.jpg , 0 
 4178.jpg , 0 
 4179.jpg , 0 
 4180.jpg , 0 
 4181.jpg , 0 
 4182.jpg , 0 
 4183.jpg , 0 
 4184.jpg , 0 
 4185.jpg , 0 
 4186.jpg , 0 
 4187.jpg , 0 
 4188.jpg , 0 
 4189.jpg , 0 
 4190.jpg , 0 
 4191.jpg , 0 
 4192.jpg , 0 
 4193.jpg , 0 
 4194.jpg , 0 
 4195.jpg , 0 
 4196.jpg , 0 
 4197.jpg , 0 
 4198.jpg , 0 
 4199.jpg , 0 
 4200.jpg , 0 
 4201.jpg , 0 
 4202.jpg , 0 
 4203.jpg , 0 
 4204.jpg , 0 
 4205.jpg , 0 
 4206.jpg , 0 
 4207.jpg , 0 
 4208.jpg , 0 
 4209.jpg , 0 
 4210.jpg , 0 
 4211.jpg , 0 
 4212.jpg , 0 
 4213.jpg , 0 
 4214.jpg , 0 
 4215.jpg , 0 
 4216.jpg , 0 
 4217.jpg , 0 
 4218.jpg , 0 
 4219.jpg , 0 
 4220.jpg , 0 
 4221.jpg , 0 
 4222.jpg , 0 
 4223.jpg , 0 
 4224.jpg , 0 
 4225.jpg , 0 
 4226.jpg , 0 
 4227.jpg , 0 
 4228.jpg , 0 
 4229.jpg , 0 
 4230.jpg , 0 
 4231.jpg , 0 
 4232.jpg , 0 
 4233.jpg , 0 
 4234.jpg , 0 
 4235.jpg , 0 
 4236.jpg , 0 
 4237.jpg , 0 
 4238.jpg , 0 
 4239.jpg , 0 
 4240.jpg , 0 
 4241.jpg , 0 
 4242.jpg , 0 
 4243.jpg , 0 
 4244.jpg , 0 
 4245.jpg , 0 
 4246.jpg , 0 
 4247.jpg , 0 
 4248.jpg , 0 
 4249.jpg , 0 
 4250.jpg , 0 
 4251.jpg , 0 
 4252.jpg , 0 
 4253.jpg , 0 
 4254.jpg , 0 
 4255.jpg , 0 
 4256.jpg , 0 
 4257.jpg , 0 
 4258.jpg , 0 
 4259.jpg , 0 
 4260.jpg , 0 
 4261.jpg , 0 
 4262.jpg , 0 
 4263.jpg , 0 
 4264.jpg , 0 
 4265.jpg , 0 
 4266.jpg , 0 
 4267.jpg , 0 
 4268.jpg , 0 
 4269.jpg , 0 
 4270.jpg , 0 
 4271.jpg , 0 
 4272.jpg , 0 
 4273.jpg , 0 
 4274.jpg , 0 
 4275.jpg , 0 
 4276.jpg , 0 
 4277.jpg , 0 
 4278.jpg , 0 
 4279.jpg , 0 
 4280.jpg , 0 
 4281.jpg , 0 
 4282.jpg , 0 
 4283.jpg , 0 
 4284.jpg , 0 
 4285.jpg , 0 
 4286.jpg , 0 
 4287.jpg , 0 
 4288.jpg , 0 
 4289.jpg , 0 
 4290.jpg , 0 
 4291.jpg , 0 
 4292.jpg , 0 
 4293.jpg , 0 
 4294.jpg , 0 
 4295.jpg , 0 
 4296.jpg , 0 
 4297.jpg , 0 
 4298.jpg , 0 
 4299.jpg , 0 
 4300.jpg , 0 
 4301.jpg , 0 
 4302.jpg , 0 
 4303.jpg , 0 
 4304.jpg , 0 
 4305.jpg , 0 
 4306.jpg , 0 
 4307.jpg , 0 
 4308.jpg , 0 
 4309.jpg , 0 
 4310.jpg , 0 
 4311.jpg , 0 
 4312.jpg , 0 
 4313.jpg , 0 
 4314.jpg , 0 
 4315.jpg , 0 
 4316.jpg , 0 
 4317.jpg , 0 
 4318.jpg , 0 
 4319.jpg , 0 
 4320.jpg , 0 
 4321.jpg , 0 
 4322.jpg , 0 
 4323.jpg , 0 
 4324.jpg , 0 
 4325.jpg , 0 
 4326.jpg , 0 
 4327.jpg , 0 
 4328.jpg , 0 
 4329.jpg , 0 
 4330.jpg , 0 
 4331.jpg , 0 
 4332.jpg , 0 
 4333.jpg , 0 
 4334.jpg , 0 
 4335.jpg , 0 
 4336.jpg , 0 
 4337.jpg , 0 
 4338.jpg , 0 
 4339.jpg , 0 
 4340.jpg , 0 
 4341.jpg , 0 
 4342.jpg , 0 
 4343.jpg , 0 
 4344.jpg , 0 
 4345.jpg , 0 
 4346.jpg , 0 
 4347.jpg , 0 
 4348.jpg , 0 
 4349.jpg , 0 
 4350.jpg , 0 
 4351.jpg , 0 
 4352.jpg , 0 
 4353.jpg , 0 
 4354.jpg , 0 
 4355.jpg , 0 
 4356.jpg , 0 
 4357.jpg , 0 
 4358.jpg , 0 
 4359.jpg , 0 
 4360.jpg , 0 
 4361.jpg , 0 
 4362.jpg , 0 
 4363.jpg , 0 
 4364.jpg , 0 
 4365.jpg , 0 
 4366.jpg , 0 
 4367.jpg , 0 
 4368.jpg , 0 
 4369.jpg , 0 
 4370.jpg , 0 
 4371.jpg , 0 
 4372.jpg , 0 
 4373.jpg , 0 
 4374.jpg , 0 
 4375.jpg , 0 
 4376.jpg , 0 
 4377.jpg , 0 
 4378.jpg , 0 
 4379.jpg , 0 
 4380.jpg , 0 
 4381.jpg , 0 
 4382.jpg , 0 
 4383.jpg , 0 
 4384.jpg , 0 
 4385.jpg , 0 
 4386.jpg , 0 
 4387.jpg , 0 
 4388.jpg , 0 
 4389.jpg , 0 
 4390.jpg , 0 
 4391.jpg , 0 
 4392.jpg , 0 
 4393.jpg , 0 
 4394.jpg , 0 
 4395.jpg , 0 
 4396.jpg , 0 
 4397.jpg , 0 
 4398.jpg , 0 
 4399.jpg , 0 
 4400.jpg , 0 
 4401.jpg , 0 
 4402.jpg , 0 
 4403.jpg , 0 
 4404.jpg , 0 
 4405.jpg , 0 
 4406.jpg , 0 
 4407.jpg , 0 
 4408.jpg , 0 
 4409.jpg , 0 
 4410.jpg , 0 
 4411.jpg , 0 
 4412.jpg , 0 
 4413.jpg , 0 
 4414.jpg , 0 
 4415.jpg , 0 
 4416.jpg , 0 
 4417.jpg , 0 
 4418.jpg , 0 
 4419.jpg , 0 
 4420.jpg , 0 
 4421.jpg , 0 
 4422.jpg , 0 
 4423.jpg , 0 
 4424.jpg , 0 
 4425.jpg , 0 
 4426.jpg , 0 
 4427.jpg , 0 
 4428.jpg , 0 
 4429.jpg , 0 
 4430.jpg , 0 
 4431.jpg , 0 
 4432.jpg , 0 
 4433.jpg , 0 
 4434.jpg , 0 
 4435.jpg , 0 
 4436.jpg , 0 
 4437.jpg , 0 
 4438.jpg , 0 
 4439.jpg , 0 
 4440.jpg , 0 
 4441.jpg , 0 
 4442.jpg , 0 
 4443.jpg , 0 
 4444.jpg , 0 
 4445.jpg , 0 
 4446.jpg , 0 
 4447.jpg , 0 
 4448.jpg , 0 
 4449.jpg , 0 
 4450.jpg , 0 
 4451.jpg , 0 
 4452.jpg , 0 
 4453.jpg , 0 
 4454.jpg , 0 
 4455.jpg , 0 
 4456.jpg , 0 
 4457.jpg , 0 
 4458.jpg , 0 
 4459.jpg , 0 
 4460.jpg , 0 
 4461.jpg , 0 
 4462.jpg , 0 
 4463.jpg , 0 
 4464.jpg , 0 
 4465.jpg , 0 
 4466.jpg , 0 
 4467.jpg , 0 
 4468.jpg , 0 
 4469.jpg , 0 
 4470.jpg , 0 
 4471.jpg , 0 
 4472.jpg , 0 
 4473.jpg , 0 
 4474.jpg , 0 
 4475.jpg , 0 
 4476.jpg , 0 
 4477.jpg , 0 
 4478.jpg , 0 
 4479.jpg , 0 
 4480.jpg , 0 
 4481.jpg , 0 
 4482.jpg , 0 
 4483.jpg , 0 
 4484.jpg , 0 
 4485.jpg , 0 
 4486.jpg , 0 
 4487.jpg , 0 
 4488.jpg , 0 
 4489.jpg , 0 
 4490.jpg , 0 
 4491.jpg , 0 
 4492.jpg , 0 
 4493.jpg , 0 
 4494.jpg , 0 
 4495.jpg , 0 
 4496.jpg , 0 
 4497.jpg , 0 
 4498.jpg , 0 
 4499.jpg , 0 
 4500.jpg , 0 
 4501.jpg , 0 
 4502.jpg , 0 
 4503.jpg , 0 
 4504.jpg , 0 
 4505.jpg , 0 
 4506.jpg , 0 
 4507.jpg , 0 
 4508.jpg , 0 
 4509.jpg , 0 
 4510.jpg , 0 
 4511.jpg , 0 
 4512.jpg , 0 
 4513.jpg , 0 
 4514.jpg , 0 
 4515.jpg , 0 
 4516.jpg , 0 
 4517.jpg , 0 
 4518.jpg , 0 
 4519.jpg , 0 
 4520.jpg , 0 
 4521.jpg , 0 
 4522.jpg , 0 
 4523.jpg , 0 
 4524.jpg , 0 
 4525.jpg , 0 
 4526.jpg , 0 
 4527.jpg , 0 
 4528.jpg , 0 
 4529.jpg , 0 
 4530.jpg , 0 
 4531.jpg , 0 
 4532.jpg , 0 
 4533.jpg , 0 
 4534.jpg , 0 
 4535.jpg , 0 
 4536.jpg , 0 
 4537.jpg , 0 
 4538.jpg , 0 
 4539.jpg , 0 
 4540.jpg , 0 
 4541.jpg , 0 
 4542.jpg , 0 
 4543.jpg , 0 
 4544.jpg , 0 
 4545.jpg , 0 
 4546.jpg , 0 
 4547.jpg , 0 
 4548.jpg , 0 
 4549.jpg , 0 
 4550.jpg , 0 
 4551.jpg , 0 
 4552.jpg , 0 
 4553.jpg , 0 
 4554.jpg , 0 
 4555.jpg , 0 
 4556.jpg , 0 
 4557.jpg , 0 
 4558.jpg , 0 
 4559.jpg , 0 
 4560.jpg , 0 
 4561.jpg , 0 
 4562.jpg , 0 
 4563.jpg , 0 
 4564.jpg , 0 
 4565.jpg , 0 
 4566.jpg , 0 
 4567.jpg , 0 
 4568.jpg , 0 
 4569.jpg , 0 
 4570.jpg , 0 
 4571.jpg , 0 
 4572.jpg , 0 
 4573.jpg , 0 
 4574.jpg , 0 
 4575.jpg , 0 
 4576.jpg , 0 
 4577.jpg , 0 
 4578.jpg , 0 
 4579.jpg , 0 
 4580.jpg , 0 
 4581.jpg , 0 
 4582.jpg , 0 
 4583.jpg , 0 
 4584.jpg , 0 
 4585.jpg , 0 
 4586.jpg , 0 
 4587.jpg , 0 
 4588.jpg , 0 
 4589.jpg , 0 
 4590.jpg , 0 
 4591.jpg , 0 
 4592.jpg , 0 
 4593.jpg , 0 
 4594.jpg , 0 
 4595.jpg , 0 
 4596.jpg , 0 
 4597.jpg , 0 
 4598.jpg , 0 
 4599.jpg , 0 
 4600.jpg , 0 
 4601.jpg , 0 
 4602.jpg , 0 
 4603.jpg , 0 
 4604.jpg , 0 
 4605.jpg , 0 
 4606.jpg , 0 
 4607.jpg , 0 
 4608.jpg , 0 
 4609.jpg , 0 
 4610.jpg , 0 
 4611.jpg , 0 
 4612.jpg , 0 
 4613.jpg , 0 
 4614.jpg , 0 
 4615.jpg , 0 
 4616.jpg , 0 
 4617.jpg , 0 
 4618.jpg , 0 
 4619.jpg , 0 
 4620.jpg , 0 
 4621.jpg , 0 
 4622.jpg , 0 
 4623.jpg , 0 
 4624.jpg , 0 
 4625.jpg , 0 
 4626.jpg , 0 
 4627.jpg , 0 
 4628.jpg , 0 
 4629.jpg , 0 
 4630.jpg , 0 
 4631.jpg , 0 
 4632.jpg , 0 
 4633.jpg , 0 
 4634.jpg , 0 
 4635.jpg , 0 
 4636.jpg , 0 
 4637.jpg , 0 
 4638.jpg , 0 
 4639.jpg , 0 
 4640.jpg , 0 
 4641.jpg , 0 
 4642.jpg , 0 
 4643.jpg , 0 
 4644.jpg , 0 
 4645.jpg , 0 
 4646.jpg , 0 
 4647.jpg , 0 
 4648.jpg , 0 
 4649.jpg , 0 
 4650.jpg , 0 
 4651.jpg , 0 
 4652.jpg , 0 
 4653.jpg , 0 
 4654.jpg , 0 
 4655.jpg , 0 
 4656.jpg , 0 
 4657.jpg , 0 
 4658.jpg , 0 
 4659.jpg , 0 
 4660.jpg , 0 
 4661.jpg , 0 
 4662.jpg , 0 
 4663.jpg , 0 
 4664.jpg , 0 
 4665.jpg , 0 
 4666.jpg , 0 
 4667.jpg , 0 
 4668.jpg , 0 
 4669.jpg , 0 
 4670.jpg , 0 
 4671.jpg , 0 
 4672.jpg , 0 
 4673.jpg , 0 
 4674.jpg , 0 
 4675.jpg , 0 
 4676.jpg , 0 
 4677.jpg , 0 
 4678.jpg , 0 
 4679.jpg , 0 
 4680.jpg , 0 
 4681.jpg , 0 
 4682.jpg , 0 
 4683.jpg , 0 
 4684.jpg , 0 
 4685.jpg , 0 
 4686.jpg , 0 
 4687.jpg , 0 
 4688.jpg , 0 
 4689.jpg , 0 
 4690.jpg , 0 
 4691.jpg , 0 
 4692.jpg , 0 
 4693.jpg , 0 
 4694.jpg , 0 
 4695.jpg , 0 
 4696.jpg , 0 
 4697.jpg , 0 
 4698.jpg , 0 
 4699.jpg , 0 
 4700.jpg , 0 
 4701.jpg , 0 
 4702.jpg , 0 
 4703.jpg , 0 
 4704.jpg , 0 
 4705.jpg , 0 
 4706.jpg , 0 
 4707.jpg , 0 
 4708.jpg , 0 
 4709.jpg , 0 
 4710.jpg , 0 
 4711.jpg , 0 
 4712.jpg , 0 
 4713.jpg , 0 
 4714.jpg , 0 
 4715.jpg , 0 
 4716.jpg , 0 
 4717.jpg , 0 
 4718.jpg , 0 
 4719.jpg , 0 
 4720.jpg , 0 
 4721.jpg , 0 
 4722.jpg , 0 
 4723.jpg , 0 
 4724.jpg , 0 
 4725.jpg , 0 
 4726.jpg , 0 
 4727.jpg , 0 
 4728.jpg , 0 
 4729.jpg , 0 
 4730.jpg , 0 
 4731.jpg , 0 
 4732.jpg , 0 
 4733.jpg , 0 
 4734.jpg , 0 
 4735.jpg , 0 
 4736.jpg , 0 
 4737.jpg , 0 
 4738.jpg , 0 
 4739.jpg , 0 
 4740.jpg , 0 
 4741.jpg , 0 
 4742.jpg , 0 
 4743.jpg , 0 
 4744.jpg , 0 
 4745.jpg , 0 
 4746.jpg , 0 
 4747.jpg , 0 
 4748.jpg , 0 
 4749.jpg , 0 
 4750.jpg , 0 
 4751.jpg , 0 
 4752.jpg , 0 
 4753.jpg , 0 
 4754.jpg , 0 
 4755.jpg , 0 
 4756.jpg , 0 
 4757.jpg , 0 
 4758.jpg , 0 
 4759.jpg , 0 
 4760.jpg , 0 
 4761.jpg , 0 
 4762.jpg , 0 
 4763.jpg , 0 
 4764.jpg , 0 
 4765.jpg , 0 
 4766.jpg , 0 
 4767.jpg , 0 
 4768.jpg , 0 
 4769.jpg , 0 
 4770.jpg , 0 
 4771.jpg , 0 
 4772.jpg , 0 
 4773.jpg , 0 
 4774.jpg , 0 
 4775.jpg , 0 
 4776.jpg , 0 
 4777.jpg , 0 
 4778.jpg , 0 
 4779.jpg , 0 
 4780.jpg , 0 
 4781.jpg , 0 
 4782.jpg , 0 
 4783.jpg , 0 
 4784.jpg , 0 
 4785.jpg , 0 
 4786.jpg , 0 
 4787.jpg , 0 
 4788.jpg , 0 
 4789.jpg , 0 
 4790.jpg , 0 
 4791.jpg , 0 
 4792.jpg , 0 
 4793.jpg , 0 
 4794.jpg , 0 
 4795.jpg , 0 
 4796.jpg , 0 
 4797.jpg , 0 
 4798.jpg , 0 
 4799.jpg , 0 
 4800.jpg , 0 
 4801.jpg , 0 
 4802.jpg , 0 
 4803.jpg , 0 
 4804.jpg , 0 
 4805.jpg , 0 
 4806.jpg , 0 
 4807.jpg , 0 
 4808.jpg , 0 
 4809.jpg , 0 
 4810.jpg , 0 
 4811.jpg , 0 
 4812.jpg , 0 
 4813.jpg , 0 
 4814.jpg , 0 
 4815.jpg , 0 
 4816.jpg , 0 
 4817.jpg , 0 
 4818.jpg , 0 
 4819.jpg , 0 
 4820.jpg , 0 
 4821.jpg , 0 
 4822.jpg , 0 
 4823.jpg , 0 
 4824.jpg , 0 
 4825.jpg , 0 
 4826.jpg , 0 
 4827.jpg , 0 
 4828.jpg , 0 
 4829.jpg , 0 
 4830.jpg , 0 
 4831.jpg , 0 
 4832.jpg , 0 
 4833.jpg , 0 
 4834.jpg , 0 
 4835.jpg , 0 
 4836.jpg , 0 
 4837.jpg , 0 
 4838.jpg , 0 
 4839.jpg , 0 
 4840.jpg , 0 
 4841.jpg , 0 
 4842.jpg , 0 
 4843.jpg , 0 
 4844.jpg , 0 
 4845.jpg , 0 
 4846.jpg , 0 
 4847.jpg , 0 
 4848.jpg , 0 
 4849.jpg , 0 
 4850.jpg , 0 
 4851.jpg , 0 
 4852.jpg , 0 
 4853.jpg , 0 
 4854.jpg , 0 
 4855.jpg , 0 
 4856.jpg , 0 
 4857.jpg , 0 
 4858.jpg , 0 
 4859.jpg , 0 
 4860.jpg , 0 
 4861.jpg , 0 
 4862.jpg , 0 
 4863.jpg , 0 
 4864.jpg , 0 
 4865.jpg , 0 
 4866.jpg , 0 
 4867.jpg , 0 
 4868.jpg , 0 
 4869.jpg , 0 
 4870.jpg , 0 
 4871.jpg , 0 
 4872.jpg , 0 
 4873.jpg , 0 
 4874.jpg , 0 
 4875.jpg , 0 
 4876.jpg , 0 
 4877.jpg , 0 
 4878.jpg , 0 
 4879.jpg , 0 
 4880.jpg , 0 
 4881.jpg , 0 
 4882.jpg , 0 
 4883.jpg , 0 
 4884.jpg , 0 
 4885.jpg , 0 
 4886.jpg , 0 
 4887.jpg , 0 
 4888.jpg , 0 
 4889.jpg , 0 
 4890.jpg , 0 
 4891.jpg , 0 
 4892.jpg , 0 
 4893.jpg , 0 
 4894.jpg , 0 
 4895.jpg , 0 
 4896.jpg , 0 
 4897.jpg , 0 
 4898.jpg , 0 
 4899.jpg , 0 
 4900.jpg , 0 
 4901.jpg , 0 
 4902.jpg , 0 
 4903.jpg , 0 
 4904.jpg , 0 
 4905.jpg , 0 
 4906.jpg , 0 
 4907.jpg , 0 
 4908.jpg , 0 
 4909.jpg , 0 
 4910.jpg , 0 
 4911.jpg , 0 
 4912.jpg , 0 
 4913.jpg , 0 
 4914.jpg , 0 
 4915.jpg , 0 
 4916.jpg , 0 
 4917.jpg , 0 
 4918.jpg , 0 
 4919.jpg , 0 
 4920.jpg , 0 
 4921.jpg , 0 
 4922.jpg , 0 
 4923.jpg , 0 
 4924.jpg , 0 
 4925.jpg , 0 
 4926.jpg , 0 
 4927.jpg , 0 
 4928.jpg , 0 
 4929.jpg , 0 
 4930.jpg , 0 
 4931.jpg , 0 
 4932.jpg , 0 
 4933.jpg , 0 
 4934.jpg , 0 
 4935.jpg , 0 
 4936.jpg , 0 
 4937.jpg , 0 
 4938.jpg , 0 
 4939.jpg , 0 
 4940.jpg , 0 
 4941.jpg , 0 
 4942.jpg , 0 
 4943.jpg , 0 
 4944.jpg , 0 
 4945.jpg , 0 
 4946.jpg , 0 
 4947.jpg , 0 
 4948.jpg , 0 
 4949.jpg , 0 
 4950.jpg , 0 
 4951.jpg , 0 
 4952.jpg , 0 
 4953.jpg , 0 
 4954.jpg , 0 
 4955.jpg , 0 
 4956.jpg , 0 
 4957.jpg , 0 
 4958.jpg , 0 
 4959.jpg , 0 
 4960.jpg , 0 
 4961.jpg , 0 
 4962.jpg , 0 
 4963.jpg , 0 
 4964.jpg , 0 
 4965.jpg , 0 
 4966.jpg , 0 
 4967.jpg , 0 
 4968.jpg , 0 
 4969.jpg , 0 
 4970.jpg , 0 
 4971.jpg , 0 
 4972.jpg , 0 
 4973.jpg , 0 
 4974.jpg , 0 
 4975.jpg , 0 
 4976.jpg , 0 
 4977.jpg , 0 
 4978.jpg , 0 
 4979.jpg , 0 
 4980.jpg , 0 
 4981.jpg , 0 
 4982.jpg , 0 
 4983.jpg , 0 
 4984.jpg , 0 
 4985.jpg , 0 
 4986.jpg , 0 
 4987.jpg , 0 
 4988.jpg , 0 
 4989.jpg , 0 
 4990.jpg , 0 
 4991.jpg , 0 
 4992.jpg , 0 
 4993.jpg , 0 
 4994.jpg , 0 
 4995.jpg , 0 
 4996.jpg , 0 
 4997.jpg , 0 
 4998.jpg , 0 
 4999.jpg , 0 
 5000.jpg , 0 
 5001.jpg , 0 
 5002.jpg , 0 
 5003.jpg , 0 
 5004.jpg , 0 
 5005.jpg , 0 
 5006.jpg , 0 
 5007.jpg , 0 
 5008.jpg , 0 
 5009.jpg , 0 
 5010.jpg , 0 
 5011.jpg , 0 
 5012.jpg , 0 
 5013.jpg , 0 
 5014.jpg , 0 
 5015.jpg , 0 
 5016.jpg , 0 
 5017.jpg , 0 
 5018.jpg , 0 
 5019.jpg , 0 
 5020.jpg , 0 
 5021.jpg , 0 
 5022.jpg , 0 
 5023.jpg , 0 
 5024.jpg , 0 
 5025.jpg , 0 
 5026.jpg , 0 
 5027.jpg , 0 
 5028.jpg , 0 
 5029.jpg , 0 
 5030.jpg , 0 
 5031.jpg , 0 
 5032.jpg , 0 
 5033.jpg , 0 
 5034.jpg , 0 
 5035.jpg , 0 
 5036.jpg , 0 
 5037.jpg , 0 
 5038.jpg , 0 
 5039.jpg , 0 
 5040.jpg , 0 
 5041.jpg , 0 
 5042.jpg , 0 
 5043.jpg , 0 
 5044.jpg , 0 
 5045.jpg , 0 
 5046.jpg , 0 
 5047.jpg , 0 
 5048.jpg , 0 
 5049.jpg , 0 
 5050.jpg , 0 
 5051.jpg , 0 
 5052.jpg , 0 
 5053.jpg , 0 
 5054.jpg , 0 
 5055.jpg , 0 
 5056.jpg , 0 
 5057.jpg , 0 
 5058.jpg , 0 
 5059.jpg , 0 
 5060.jpg , 0 
 5061.jpg , 0 
 5062.jpg , 0 
 5063.jpg , 0 
 5064.jpg , 0 
 5065.jpg , 0 
 5066.jpg , 0 
 5067.jpg , 0 
 5068.jpg , 0 
 5069.jpg , 0 
 5070.jpg , 0 
 5071.jpg , 0 
 5072.jpg , 0 
 5073.jpg , 0 
 5074.jpg , 0 
 5075.jpg , 0 
 5076.jpg , 0 
 5077.jpg , 0 
 5078.jpg , 0 
 5079.jpg , 0 
 5080.jpg , 0 
 5081.jpg , 0 
 5082.jpg , 0 
 5083.jpg , 0 
 5084.jpg , 0 
 5085.jpg , 0 
 5086.jpg , 0 
 5087.jpg , 0 
 5088.jpg , 0 
 5089.jpg , 0 
 5090.jpg , 0 
 5091.jpg , 0 
 5092.jpg , 0 
 5093.jpg , 0 
 5094.jpg , 0 
 5095.jpg , 0 
 5096.jpg , 0 
 5097.jpg , 0 
 5098.jpg , 0 
 5099.jpg , 0 
 5100.jpg , 0 
 5101.jpg , 0 
 5102.jpg , 0 
 5103.jpg , 0 
 5104.jpg , 0 
 5105.jpg , 0 
 5106.jpg , 0 
 5107.jpg , 0 
 5108.jpg , 0 
 5109.jpg , 0 
 5110.jpg , 0 
 5111.jpg , 0 
 5112.jpg , 0 
 5113.jpg , 0 
 5114.jpg , 0 
 5115.jpg , 0 
 5116.jpg , 0 
 5117.jpg , 0 
 5118.jpg , 0 
 5119.jpg , 0 
 5120.jpg , 0 
 5121.jpg , 0 
 5122.jpg , 0 
 5123.jpg , 0 
 5124.jpg , 0 
 5125.jpg , 0 
 5126.jpg , 0 
 5127.jpg , 0 
 5128.jpg , 0 
 5129.jpg , 0 
 5130.jpg , 0 
 5131.jpg , 0 
 5132.jpg , 0 
 5133.jpg , 0 
 5134.jpg , 0 
 5135.jpg , 0 
 5136.jpg , 0 
 5137.jpg , 0 
 5138.jpg , 0 
 5139.jpg , 0 
 5140.jpg , 0 
 5141.jpg , 0 
 5142.jpg , 0 
 5143.jpg , 0 
 5144.jpg , 0 
 5145.jpg , 0 
 5146.jpg , 0 
 5147.jpg , 0 
 5148.jpg , 0 
 5149.jpg , 0 
 5150.jpg , 0 
 5151.jpg , 0 
 5152.jpg , 0 
 5153.jpg , 0 
 5154.jpg , 0 
 5155.jpg , 0 
 5156.jpg , 0 
 5157.jpg , 0 
 5158.jpg , 0 
 5159.jpg , 0 
 5160.jpg , 0 
 5161.jpg , 0 
 5162.jpg , 0 
 5163.jpg , 0 
 5164.jpg , 0 
 5165.jpg , 0 
 5166.jpg , 0 
 5167.jpg , 0 
 5168.jpg , 0 
 5169.jpg , 0 
 5170.jpg , 0 
 5171.jpg , 0 
 5172.jpg , 0 
 5173.jpg , 0 
 5174.jpg , 0 
 5175.jpg , 0 
 5176.jpg , 0 
 5177.jpg , 0 
 5178.jpg , 0 
 5179.jpg , 0 
 5180.jpg , 0 
 5181.jpg , 0 
 5182.jpg , 0 
 5183.jpg , 0 
 5184.jpg , 0 
 5185.jpg , 0 
 5186.jpg , 0 
 5187.jpg , 0 
 5188.jpg , 0 
 5189.jpg , 0 
 5190.jpg , 0 
 5191.jpg , 0 
 5192.jpg , 0 
 5193.jpg , 0 
 5194.jpg , 0 
 5195.jpg , 0 
 5196.jpg , 0 
 5197.jpg , 0 
 5198.jpg , 0 
 5199.jpg , 0 
 5200.jpg , 0 
 5201.jpg , 0 
 5202.jpg , 0 
 5203.jpg , 0 
 5204.jpg , 0 
 5205.jpg , 0 
 5206.jpg , 0 
 5207.jpg , 0 
 5208.jpg , 0 
 5209.jpg , 0 
 5210.jpg , 0 
 5211.jpg , 0 
 5212.jpg , 0 
 5213.jpg , 0 
 5214.jpg , 0 
 5215.jpg , 0 
 5216.jpg , 0 
 5217.jpg , 0 
 5218.jpg , 0 
 5219.jpg , 0 
 5220.jpg , 0 
 5221.jpg , 0 
 5222.jpg , 0 
 5223.jpg , 0 
 5224.jpg , 0 
 5225.jpg , 0 
 5226.jpg , 0 
 5227.jpg , 0 
 5228.jpg , 0 
 5229.jpg , 0 
 5230.jpg , 0 
 5231.jpg , 0 
 5232.jpg , 0 
 5233.jpg , 0 
 5234.jpg , 0 
 5235.jpg , 0 
 5236.jpg , 0 
 5237.jpg , 0 
 5238.jpg , 0 
 5239.jpg , 0 
 5240.jpg , 0 
 5241.jpg , 0 
 5242.jpg , 0 
 5243.jpg , 0 
 5244.jpg , 0 
 5245.jpg , 0 
 5246.jpg , 0 
 5247.jpg , 0 
 5248.jpg , 0 
 5249.jpg , 0 
 5250.jpg , 0 
 5251.jpg , 0 
 5252.jpg , 0 
 5253.jpg , 0 
 5254.jpg , 0 
 5255.jpg , 0 
 5256.jpg , 0 
 5257.jpg , 0 
 5258.jpg , 0 
 5259.jpg , 0 
 5260.jpg , 0 
 5261.jpg , 0 
 5262.jpg , 0 
 5263.jpg , 0 
 5264.jpg , 0 
 5265.jpg , 0 
 5266.jpg , 0 
 5267.jpg , 0 
 5268.jpg , 0 
 5269.jpg , 0 
 5270.jpg , 0 
 5271.jpg , 0 
 5272.jpg , 0 
 5273.jpg , 0 
 5274.jpg , 0 
 5275.jpg , 0 
 5276.jpg , 0 
 5277.jpg , 0 
 5278.jpg , 0 
 5279.jpg , 0 
 5280.jpg , 0 
 5281.jpg , 0 
 5282.jpg , 0 
 5283.jpg , 0 
 5284.jpg , 0 
 5285.jpg , 0 
 5286.jpg , 0 
 5287.jpg , 0 
 5288.jpg , 0 
 5289.jpg , 0 
 5290.jpg , 0 
 5291.jpg , 0 
 5292.jpg , 0 
 5293.jpg , 0 
 5294.jpg , 0 
 5295.jpg , 0 
 5296.jpg , 0 
 5297.jpg , 0 
 5298.jpg , 0 
 5299.jpg , 0 
 5300.jpg , 0 
 5301.jpg , 0 
 5302.jpg , 0 
 5303.jpg , 0 
 5304.jpg , 0 
 5305.jpg , 0 
 5306.jpg , 0 
 5307.jpg , 0 
 5308.jpg , 0 
 5309.jpg , 0 
 5310.jpg , 0 
 5311.jpg , 0 
 5312.jpg , 0 
 5313.jpg , 0 
 5314.jpg , 0 
 5315.jpg , 0 
 5316.jpg , 0 
 5317.jpg , 0 
 5318.jpg , 0 
 5319.jpg , 0 
 5320.jpg , 0 
 5321.jpg , 0 
 5322.jpg , 0 
 5323.jpg , 0 
 5324.jpg , 0 
 5325.jpg , 0 
 5326.jpg , 0 
 5327.jpg , 0 
 5328.jpg , 0 
 5329.jpg , 0 
 5330.jpg , 0 
 5331.jpg , 0 
 5332.jpg , 0 
 5333.jpg , 0 
 5334.jpg , 0 
 5335.jpg , 0 
 5336.jpg , 0 
 5337.jpg , 0 
 5338.jpg , 0 
 5339.jpg , 0 
 5340.jpg , 0 
 5341.jpg , 0 
 5342.jpg , 0 
 5343.jpg , 0 
 5344.jpg , 0 
 5345.jpg , 0 
 5346.jpg , 0 
 5347.jpg , 0 
 5348.jpg , 0 
 5349.jpg , 0 
 5350.jpg , 0 
 5351.jpg , 0 
 5352.jpg , 0 
 5353.jpg , 0 
 5354.jpg , 0 
 5355.jpg , 0 
 5356.jpg , 0 
 5357.jpg , 0 
 5358.jpg , 0 
 5359.jpg , 0 
 5360.jpg , 0 
 5361.jpg , 0 
 5362.jpg , 0 
 5363.jpg , 0 
 5364.jpg , 0 
 5365.jpg , 0 
 5366.jpg , 0 
 5367.jpg , 0 
 5368.jpg , 0 
 5369.jpg , 0 
 5370.jpg , 0 
 5371.jpg , 0 
 5372.jpg , 0 
 5373.jpg , 0 
 5374.jpg , 0 
 5375.jpg , 0 
 5376.jpg , 0 
 5377.jpg , 0 
 5378.jpg , 0 
 5379.jpg , 0 
 5380.jpg , 0 
 5381.jpg , 0 
 5382.jpg , 0 
 5383.jpg , 0 
 5384.jpg , 0 
 5385.jpg , 0 
 5386.jpg , 0 
 5387.jpg , 0 
 5388.jpg , 0 
 5389.jpg , 0 
 5390.jpg , 0 
 5391.jpg , 0 
 5392.jpg , 0 
 5393.jpg , 0 
 5394.jpg , 0 
 5395.jpg , 0 
 5396.jpg , 0 
 5397.jpg , 0 
 5398.jpg , 0 
 5399.jpg , 0 
 5400.jpg , 0 
 5401.jpg , 0 
 5402.jpg , 0 
 5403.jpg , 0 
 5404.jpg , 0 
 5405.jpg , 0 
 5406.jpg , 0 
 5407.jpg , 0 
 5408.jpg , 0 
 5409.jpg , 0 
 5410.jpg , 0 
 5411.jpg , 0 
 5412.jpg , 0 
 5413.jpg , 0 
 5414.jpg , 0 
 5415.jpg , 0 
 5416.jpg , 0 
 5417.jpg , 0 
 5418.jpg , 0 
 5419.jpg , 0 
 5420.jpg , 0 
 5421.jpg , 0 
 5422.jpg , 0 
 5423.jpg , 0 
 5424.jpg , 0 
 5425.jpg , 0 
 5426.jpg , 0 
 5427.jpg , 0 
 5428.jpg , 0 
 5429.jpg , 0 
 5430.jpg , 0 
 5431.jpg , 0 
 5432.jpg , 0 
 5433.jpg , 0 
 5434.jpg , 0 
 5435.jpg , 0 
 5436.jpg , 0 
 5437.jpg , 0 
 5438.jpg , 0 
 5439.jpg , 0 
 5440.jpg , 0 
 5441.jpg , 0 
 5442.jpg , 0 
 5443.jpg , 0 
 5444.jpg , 0 
 5445.jpg , 0 
 5446.jpg , 0 
 5447.jpg , 0 
 5448.jpg , 0 
 5449.jpg , 0 
 5450.jpg , 0 
 5451.jpg , 0 
 5452.jpg , 0 
 5453.jpg , 0 
 5454.jpg , 0 
 5455.jpg , 0 
 5456.jpg , 0 
 5457.jpg , 0 
 5458.jpg , 0 
 5459.jpg , 0 
 5460.jpg , 0 
 5461.jpg , 0 
 5462.jpg , 0 
 5463.jpg , 0 
 5464.jpg , 0 
 5465.jpg , 0 
 5466.jpg , 0 
 5467.jpg , 0 
 5468.jpg , 0 
 5469.jpg , 0 
 5470.jpg , 0 
 5471.jpg , 0 
 5472.jpg , 0 
 5473.jpg , 0 
 5474.jpg , 0 
 5475.jpg , 0 
 5476.jpg , 0 
 5477.jpg , 0 
 5478.jpg , 0 
 5479.jpg , 0 
 5480.jpg , 0 
 5481.jpg , 0 
 5482.jpg , 0 
 5483.jpg , 0 
 5484.jpg , 0 
 5485.jpg , 0 
 5486.jpg , 0 
 5487.jpg , 0 
 5488.jpg , 0 
 5489.jpg , 0 
 5490.jpg , 0 
 5491.jpg , 0 
 5492.jpg , 0 
 5493.jpg , 0 
 5494.jpg , 0 
 5495.jpg , 0 
 5496.jpg , 0 
 5497.jpg , 0 
 5498.jpg , 0 
 5499.jpg , 0 
 5500.jpg , 0 
 5501.jpg , 0 
 5502.jpg , 0 
 5503.jpg , 0 
 5504.jpg , 0 
 5505.jpg , 0 
 5506.jpg , 0 
 5507.jpg , 0 
 5508.jpg , 0 
 5509.jpg , 0 
 5510.jpg , 0 
 5511.jpg , 0 
 5512.jpg , 0 
 5513.jpg , 0 
 5514.jpg , 0 
 5515.jpg , 0 
 5516.jpg , 0 
 5517.jpg , 0 
 5518.jpg , 0 
 5519.jpg , 0 
 5520.jpg , 0 
 5521.jpg , 0 
 5522.jpg , 0 
 5523.jpg , 0 
 5524.jpg , 0 
 5525.jpg , 0 
 5526.jpg , 0 
 5527.jpg , 0 
 5528.jpg , 0 
 5529.jpg , 0 
 5530.jpg , 0 
 5531.jpg , 0 
 5532.jpg , 0 
 5533.jpg , 0 
 5534.jpg , 0 
 5535.jpg , 0 
 5536.jpg , 0 
 5537.jpg , 0 
 5538.jpg , 0 
 5539.jpg , 0 
 5540.jpg , 0 
 5541.jpg , 0 
 5542.jpg , 0 
 5543.jpg , 0 
 5544.jpg , 0 
 5545.jpg , 0 
 5546.jpg , 0 
 5547.jpg , 0 
 5548.jpg , 0 
 5549.jpg , 0 
 5550.jpg , 0 
 5551.jpg , 0 
 5552.jpg , 0 
 5553.jpg , 0 
 5554.jpg , 0 
 5555.jpg , 0 
 5556.jpg , 0 
 5557.jpg , 0 
 5558.jpg , 0 
 5559.jpg , 0 
 5560.jpg , 0 
 5561.jpg , 0 
 5562.jpg , 0 
 5563.jpg , 0 
 5564.jpg , 0 
 5565.jpg , 0 
 5566.jpg , 0 
 5567.jpg , 0 
 5568.jpg , 0 
 5569.jpg , 0 
 5570.jpg , 0 
 5571.jpg , 0 
 5572.jpg , 0 
 5573.jpg , 0 
 5574.jpg , 0 
 5575.jpg , 0 
 5576.jpg , 0 
 5577.jpg , 0 
 5578.jpg , 0 
 5579.jpg , 0 
 5580.jpg , 0 
 5581.jpg , 0 
 5582.jpg , 0 
 5583.jpg , 0 
 5584.jpg , 0 
 5585.jpg , 0 
 5586.jpg , 0 
 5587.jpg , 0 
 5588.jpg , 0 
 5589.jpg , 0 
 5590.jpg , 0 
 5591.jpg , 0 
 5592.jpg , 0 
 5593.jpg , 0 
 5594.jpg , 0 
 5595.jpg , 0 
 5596.jpg , 0 
 5597.jpg , 0 
 5598.jpg , 0 
 5599.jpg , 0 
 5600.jpg , 0 
 5601.jpg , 0 
 5602.jpg , 0 
 5603.jpg , 0 
 5604.jpg , 0 
 5605.jpg , 0 
 5606.jpg , 0 
 5607.jpg , 0 
 5608.jpg , 0 
 5609.jpg , 0 
 5610.jpg , 0 
 5611.jpg , 0 
 5612.jpg , 0 
 5613.jpg , 0 
 5614.jpg , 0 
 5615.jpg , 0 
 5616.jpg , 0 
 5617.jpg , 0 
 5618.jpg , 0 
 5619.jpg , 0 
 5620.jpg , 0 
 5621.jpg , 0 
 5622.jpg , 0 
 5623.jpg , 0 
 5624.jpg , 0 
 5625.jpg , 0 
 5626.jpg , 0 
 5627.jpg , 0 
 5628.jpg , 0 
 5629.jpg , 0 
 5630.jpg , 0 
 5631.jpg , 0 
 5632.jpg , 0 
 5633.jpg , 0 
 5634.jpg , 0 
 5635.jpg , 0 
 5636.jpg , 0 
 5637.jpg , 0 
 5638.jpg , 0 
 5639.jpg , 0 
 5640.jpg , 0 
 5641.jpg , 0 
 5642.jpg , 0 
 5643.jpg , 0 
 5644.jpg , 0 
 5645.jpg , 0 
 5646.jpg , 0 
 5647.jpg , 0 
 5648.jpg , 0 
 5649.jpg , 0 
 5650.jpg , 0 
 5651.jpg , 0 
 5652.jpg , 0 
 5653.jpg , 0 
 5654.jpg , 0 
 5655.jpg , 0 
 5656.jpg , 0 
 5657.jpg , 0 
 5658.jpg , 0 
 5659.jpg , 0 
 5660.jpg , 0 
 5661.jpg , 0 
 5662.jpg , 0 
 5663.jpg , 0 
 5664.jpg , 0 
 5665.jpg , 0 
 5666.jpg , 0 
 5667.jpg , 0 
 5668.jpg , 0 
 5669.jpg , 0 
 5670.jpg , 0 
 5671.jpg , 0 
 5672.jpg , 0 
 5673.jpg , 0 
 5674.jpg , 0 
 5675.jpg , 0 
 5676.jpg , 0 
 5677.jpg , 0 
 5678.jpg , 0 
 5679.jpg , 0 
 5680.jpg , 0 
 5681.jpg , 0 
 5682.jpg , 0 
 5683.jpg , 0 
 5684.jpg , 0 
 5685.jpg , 0 
 5686.jpg , 0 
 5687.jpg , 0 
 5688.jpg , 0 
 5689.jpg , 0 
 5690.jpg , 0 
 5691.jpg , 0 
 5692.jpg , 0 
 5693.jpg , 0 
 5694.jpg , 0 
 5695.jpg , 0 
 5696.jpg , 0 
 5697.jpg , 0 
 5698.jpg , 0 
 5699.jpg , 0 
 5700.jpg , 0 
 5701.jpg , 0 
 5702.jpg , 0 
 5703.jpg , 0 
 5704.jpg , 0 
 5705.jpg , 0 
 5706.jpg , 0 
 5707.jpg , 0 
 5708.jpg , 0 
 5709.jpg , 0 
 5710.jpg , 0 
 5711.jpg , 0 
 5712.jpg , 0 
 5713.jpg , 0 
 5714.jpg , 0 
 5715.jpg , 0 
 
